입장일,총입장객수,휴일유형,전날_방문객,전전날_방문객,작년동기_방문객,평균기온(°C),최저기온(°C),최고기온(°C),일강수량(mm),평균 풍속(m/s),일 최심신적설(cm),검색량,비가왔는가,폭염인가,전주_동요일_방문객,명절인가
2023-02-01,12149,0,12409.0,10667.0,,0.9,-3.0,6.0,0.0,3.2,0.0,3.06664,0,0,12149.0,0
2023-02-02,11413,0,12149.0,12409.0,10150.0,-2.4,-5.1,1.4,0.0,2.5,0.0,3.24489,0,0,12149.0,0
2023-02-03,10944,0,11413.0,12149.0,13449.0,-1.6,-3.9,3.4,0.0,2.2,0.0,4.05828,0,0,12149.0,0
2023-02-04,19197,1,10944.0,11413.0,10781.0,-0.2,-5.2,6.0,0.0,2.0,0.0,6.40499,0,0,12149.0,0
2023-02-05,21548,1,19197.0,10944.0,10089.0,1.7,-3.3,7.1,0.0,1.8,0.0,6.14367,0,0,12149.0,0
2023-02-06,11738,0,21548.0,19197.0,11333.0,3.0,-1.7,8.8,0.0,1.6,0.0,3.94233,0,0,12149.0,0
2023-02-07,13366,0,11738.0,21548.0,14441.0,3.5,-0.6,9.5,0.0,1.5,0.0,3.89041,0,0,12149.0,0
2023-02-08,13548,0,13366.0,11738.0,10420.0,2.1,-1.3,7.8,0.0,2.5,0.0,3.80561,0,0,12149.0,0
2023-02-09,14648,0,13548.0,13366.0,13031.0,4.0,-2.8,9.9,0.0,2.5,0.0,4.43556,0,0,11413.0,0
2023-02-10,12461,0,14648.0,13548.0,13073.0,3.8,1.1,6.2,0.6,2.2,0.0,5.24202,1,0,10944.0,0
2023-02-11,23722,1,12461.0,14648.0,13461.0,2.8,-1.2,8.5,0.0,1.8,0.0,9.42318,0,0,19197.0,0
2023-02-12,23207,1,23722.0,12461.0,4717.0,3.7,-0.9,7.6,0.0,1.8,0.0,7.8414,0,0,21548.0,0
2023-02-13,13753,0,23207.0,23722.0,27054.0,5.9,2.7,8.4,0.0,2.3,0.0,4.60689,0,0,11738.0,0
2023-02-14,13485,0,13753.0,23207.0,21615.0,1.7,-2.5,6.6,0.0,2.7,0.0,4.06867,0,0,13366.0,0
2023-02-15,14513,0,13485.0,13753.0,9947.0,3.2,-1.2,8.9,0.0,2.5,0.0,4.43729,0,0,13548.0,0
2023-02-16,11968,0,14513.0,13485.0,8480.0,2.3,-0.7,4.5,0.0,2.7,0.0,3.91983,0,0,14648.0,0
2023-02-17,15737,0,11968.0,14513.0,4247.0,3.4,-1.5,9.8,0.0,1.8,0.0,5.62103,0,0,12461.0,0
2023-02-18,19499,1,15737.0,11968.0,12545.0,5.7,3.0,8.1,0.0,1.5,0.0,6.62824,0,0,23722.0,0
2023-02-19,20482,1,19499.0,15737.0,11531.0,3.5,0.2,6.1,0.4,3.3,0.0,7.35856,1,0,23207.0,0
2023-02-20,9884,0,20482.0,19499.0,15399.0,-0.5,-3.5,2.4,0.0,3.3,0.0,4.88205,0,0,13753.0,0
2023-02-21,13441,0,9884.0,20482.0,13123.0,-1.3,-5.3,4.8,0.0,2.1,0.0,4.71072,0,0,13485.0,0
2023-02-22,14602,0,13441.0,9884.0,9220.0,1.2,-4.5,8.4,0.0,2.2,0.0,5.33201,0,0,14513.0,0
2023-02-23,16394,0,14602.0,13441.0,6774.0,2.9,-1.8,9.2,0.0,1.9,0.0,6.21463,0,0,11968.0,0
2023-02-24,16103,0,16394.0,14602.0,13640.0,3.5,-0.4,8.5,0.0,3.0,0.0,7.06263,0,0,15737.0,0
2023-02-25,19258,1,16103.0,16394.0,12174.0,0.7,-2.9,5.7,0.0,2.9,0.0,9.35915,0,0,19499.0,0
2023-02-26,26328,1,19258.0,16103.0,13653.0,2.2,-3.4,9.4,0.0,2.1,0.0,10.75402,0,0,20482.0,0
2023-02-27,17409,0,26328.0,19258.0,13993.0,4.4,-1.8,12.4,0.0,1.9,0.0,9.05802,0,0,9884.0,0
2023-02-28,19215,0,17409.0,26328.0,21476.0,4.3,-0.7,8.7,0.0,2.0,0.0,10.13619,0,0,13441.0,0
2023-03-01,26038,2,19215.0,17409.0,16347.0,6.0,2.9,9.0,0.0,3.1,0.0,9.19647,0,0,14602.0,0
2023-03-02,13917,0,26038.0,19215.0,19223.0,2.2,-1.8,6.6,0.0,2.8,0.0,3.95791,0,0,16394.0,0
2023-03-03,14351,0,13917.0,26038.0,14653.0,4.6,-1.9,10.4,0.0,2.1,0.0,6.5296,0,0,16103.0,0
2023-03-04,28609,1,14351.0,13917.0,15113.0,7.7,3.7,14.1,0.0,1.9,0.0,12.91729,0,0,19258.0,0
2023-03-05,31388,1,28609.0,14351.0,12166.0,8.0,2.5,15.4,0.0,1.7,0.0,10.39752,0,0,26328.0,0
2023-03-06,15580,0,31388.0,28609.0,18497.0,9.2,2.2,16.5,0.0,2.1,0.0,4.79033,0,0,17409.0,0
2023-03-07,16666,0,15580.0,31388.0,22390.0,11.7,6.3,19.4,0.0,2.3,0.0,4.86821,0,0,19215.0,0
2023-03-08,14206,0,16666.0,15580.0,9726.0,12.5,7.4,17.7,1.2,2.0,0.0,4.77303,1,0,26038.0,0
2023-03-09,13049,0,14206.0,16666.0,14257.0,10.3,7.4,13.1,3.7,2.3,0.0,5.30605,1,0,13917.0,0
2023-03-10,17116,0,13049.0,14206.0,29822.0,13.5,6.2,22.2,0.0,2.1,0.0,9.43183,0,0,14351.0,0
2023-03-11,40200,1,17116.0,13049.0,14248.0,15.2,10.2,22.8,0.0,2.4,0.0,16.4062,0,0,28609.0,0
2023-03-12,9811,1,40200.0,17116.0,15299.0,5.9,0.6,12.6,5.6,3.7,0.0,4.3023,1,0,31388.0,0
2023-03-13,9800,0,9811.0,40200.0,24801.0,2.9,-1.9,7.6,0.0,3.2,0.0,4.43036,0,0,15580.0,0
2023-03-14,13011,0,9800.0,9811.0,12703.0,9.2,3.3,15.4,0.0,2.9,0.0,5.29048,0,0,16666.0,0
2023-03-15,10942,0,13011.0,9800.0,8163.0,8.6,3.5,14.4,0.0,3.0,0.0,5.40297,0,0,14206.0,0
2023-03-16,11614,0,10942.0,13011.0,15629.0,4.6,0.4,9.0,0.0,2.4,0.0,5.89965,0,0,13049.0,0
2023-03-17,14788,0,11614.0,10942.0,16093.0,7.2,0.7,12.7,0.0,1.7,0.0,8.83823,0,0,17116.0,0
2023-03-18,34756,1,14788.0,11614.0,12441.0,7.7,2.5,14.0,0.0,2.6,0.0,16.38198,0,0,40200.0,0
2023-03-19,36249,1,34756.0,14788.0,11110.0,8.3,2.3,15.2,0.0,2.1,0.0,13.61646,0,0,9811.0,0
2023-03-20,15377,0,36249.0,34756.0,11339.0,9.5,2.6,17.1,0.0,1.6,0.0,6.62651,0,0,9800.0,0
2023-03-21,19112,0,15377.0,36249.0,23439.0,13.0,5.0,22.2,0.0,1.7,0.0,6.86534,0,0,13011.0,0
2023-03-22,19152,0,19112.0,15377.0,13377.0,17.0,9.2,25.1,0.0,1.8,0.0,7.22703,0,0,10942.0,0
2023-03-23,17201,0,19152.0,19112.0,16520.0,17.4,12.3,23.3,0.0,2.5,0.0,59.81517,0,0,11614.0,0
2023-03-24,17313,0,17201.0,19152.0,11921.0,12.5,7.6,18.3,0.0,2.3,0.0,28.21937,0,0,14788.0,0
2023-03-25,43182,1,17313.0,17201.0,13204.0,12.5,8.0,18.7,0.0,2.3,0.0,25.88996,0,0,34756.0,0
2023-03-26,50844,1,43182.0,17313.0,14198.0,9.4,4.7,14.0,0.0,3.6,0.0,23.20924,0,0,36249.0,0
2023-03-27,20935,0,50844.0,43182.0,18394.0,7.3,1.9,14.5,0.0,2.3,0.0,13.68914,0,0,15377.0,0
2023-03-28,21202,0,20935.0,50844.0,33501.0,9.2,2.8,15.7,0.0,2.1,0.0,13.3361,0,0,19112.0,0
2023-03-29,28149,0,21202.0,20935.0,17192.0,11.8,5.1,19.7,0.0,1.9,0.0,14.83135,0,0,19152.0,0
2023-03-30,32710,0,28149.0,21202.0,18780.0,13.3,6.4,21.2,0.0,2.2,0.0,17.70416,0,0,17201.0,0
2023-03-31,37888,0,32710.0,28149.0,12635.0,15.0,7.5,23.9,0.0,2.1,0.0,26.65489,0,0,17313.0,0
2023-04-01,77835,1,37888.0,32710.0,17068.0,17.5,9.4,25.6,0.0,1.8,0.0,36.88974,0,0,43182.0,0
2023-04-02,80723,1,77835.0,37888.0,21698.0,18.8,11.9,25.2,0.0,2.4,0.0,29.08987,0,0,50844.0,0
2023-04-03,32837,0,80723.0,77835.0,40691.0,19.0,11.3,25.9,0.0,2.3,0.0,13.57838,0,0,20935.0,0
2023-04-04,21574,0,32837.0,80723.0,44835.0,17.6,12.7,21.7,6.9,2.6,0.0,8.60114,1,0,21202.0,0
2023-04-05,8306,0,21574.0,32837.0,20039.0,11.9,8.7,14.9,50.3,3.4,0.0,6.67497,1,0,28149.0,0
2023-04-06,11738,0,8306.0,21574.0,22363.0,8.8,7.4,9.7,2.7,2.5,0.0,7.59565,1,0,32710.0,0
2023-04-07,23564,0,11738.0,8306.0,23901.0,8.9,4.6,15.7,0.0,2.9,0.0,12.16447,0,0,37888.0,0
2023-04-08,40578,1,23564.0,11738.0,26459.0,8.8,3.1,14.9,0.0,3.2,0.0,18.19566,0,0,77835.0,0
2023-04-09,44528,1,40578.0,23564.0,33942.0,10.8,3.5,17.8,0.0,2.5,0.0,17.02923,0,0,80723.0,0
2023-04-10,20370,0,44528.0,40578.0,72366.0,13.2,6.2,19.1,0.0,2.7,0.0,7.94178,0,0,32837.0,0
2023-04-11,9899,0,20370.0,44528.0,74612.0,13.1,9.2,17.4,2.9,3.6,0.0,5.55353,1,0,21574.0,0
2023-04-12,15789,0,9899.0,20370.0,30683.0,10.1,4.8,15.3,0.0,2.7,0.0,7.0609,0,0,8306.0,0
2023-04-13,16133,0,15789.0,9899.0,23298.0,11.9,5.1,17.2,0.0,1.8,0.0,6.92418,0,0,11738.0,0
2023-04-14,18092,0,16133.0,15789.0,14172.0,16.2,11.9,21.3,0.0,1.6,0.0,8.55961,0,0,23564.0,0
2023-04-15,22609,1,18092.0,16133.0,22589.0,13.5,9.3,16.6,4.6,2.2,0.0,10.33521,1,0,40578.0,0
2023-04-16,29449,1,22609.0,18092.0,45656.0,10.8,7.5,16.1,0.0,2.5,0.0,11.33551,0,0,44528.0,0
2023-04-17,17526,0,29449.0,22609.0,43495.0,13.1,6.8,18.1,0.0,2.0,0.0,7.73064,0,0,20370.0,0
2023-04-18,15929,0,17526.0,29449.0,18990.0,14.0,10.7,18.4,1.5,2.7,0.0,6.75458,1,0,9899.0,0
2023-04-19,24030,0,15929.0,17526.0,19939.0,19.1,11.5,28.4,0.0,2.4,0.0,8.98707,0,0,15789.0,0
2023-04-20,17828,0,24030.0,15929.0,20073.0,15.8,14.5,18.9,0.5,2.4,0.0,7.6943,1,0,16133.0,0
2023-04-21,23086,0,17828.0,24030.0,18085.0,16.7,11.4,22.8,0.0,2.5,0.0,12.5106,0,0,18092.0,0
2023-04-22,40574,1,23086.0,17828.0,14144.0,16.9,12.2,22.5,0.0,2.6,0.0,17.74224,0,0,22609.0,0
2023-04-23,39111,1,40574.0,23086.0,42409.0,16.1,10.7,22.1,0.0,2.1,0.0,15.66031,0,0,29449.0,0
2023-04-24,19592,0,39111.0,40574.0,38740.0,15.8,11.5,21.3,0.0,2.7,0.0,9.37646,0,0,17526.0,0
2023-04-25,11721,0,19592.0,39111.0,15901.0,10.9,9.0,13.2,0.4,1.9,0.0,7.56796,1,0,15929.0,0
2023-04-26,15969,0,11721.0,19592.0,19507.0,10.2,7.4,13.5,0.0,3.1,0.0,9.21378,0,0,24030.0,0
2023-04-27,23422,0,15969.0,11721.0,18811.0,12.9,5.1,20.0,0.0,1.9,0.0,10.89074,0,0,17828.0,0
2023-04-28,21953,0,23422.0,15969.0,18832.0,15.7,9.0,21.3,1.9,2.1,0.0,11.22475,1,0,23086.0,0
2023-04-29,14722,1,21953.0,23422.0,17454.0,13.2,9.9,15.8,25.1,2.9,0.0,11.9343,1,0,40574.0,0
2023-04-30,38648,1,14722.0,21953.0,31813.0,12.7,7.9,17.9,0.1,3.3,0.0,23.97764,1,0,39111.0,0
2023-05-01,45960,0,38648.0,14722.0,38443.0,14.6,9.8,20.8,0.0,2.5,0.0,22.46854,0,0,19592.0,0
2023-05-02,20623,0,45960.0,38648.0,20154.0,16.7,9.1,23.7,0.0,2.1,0.0,11.07073,0,0,11721.0,0
2023-05-03,24961,0,20623.0,45960.0,22002.0,19.5,12.4,26.2,0.0,2.1,0.0,11.16591,0,0,15969.0,0
2023-05-04,28214,0,24961.0,20623.0,27206.0,21.4,15.6,25.8,0.0,2.1,0.0,11.08111,0,0,23422.0,0
2023-05-05,14380,2,28214.0,24961.0,89627.0,18.4,15.5,21.6,30.2,2.5,0.0,10.25041,1,0,21953.0,0
2023-05-06,16071,1,14380.0,28214.0,36017.0,12.6,11.7,15.5,47.5,5.4,0.0,8.96803,1,0,14722.0,0
2023-05-07,34389,1,16071.0,14380.0,32811.0,14.4,11.1,18.6,0.0,2.6,0.0,11.21956,0,0,38648.0,0
2023-05-08,19661,0,34389.0,16071.0,22031.0,15.3,7.9,22.0,0.0,2.2,0.0,7.36548,0,0,45960.0,0
2023-05-09,20981,0,19661.0,34389.0,20110.0,17.0,10.0,24.4,0.0,2.3,0.0,7.58008,0,0,20623.0,0
2023-05-10,22362,0,20981.0,19661.0,18562.0,18.4,10.7,26.0,0.0,1.8,0.0,7.66142,0,0,24961.0,0
2023-05-11,22896,0,22362.0,20981.0,20195.0,19.5,12.8,26.7,0.0,2.3,0.0,9.3903,0,0,28214.0,0
2023-05-12,32992,0,22896.0,22362.0,21656.0,18.4,13.1,24.7,0.0,1.8,0.0,12.69058,0,0,14380.0,0
2023-05-13,40350,1,32992.0,22896.0,30809.0,17.8,12.6,23.9,0.0,2.0,0.0,15.67416,0,0,16071.0,0
2023-05-14,40257,1,40350.0,32992.0,34451.0,18.1,12.9,23.8,0.0,2.0,0.0,13.95393,0,0,34389.0,0
2023-05-15,22542,0,40257.0,40350.0,37524.0,20.6,12.8,27.9,0.0,2.4,0.0,7.82236,0,0,19661.0,0
2023-05-16,19514,0,22542.0,40257.0,19018.0,24.0,17.2,31.2,0.0,2.5,0.0,7.08339,0,1,20981.0,0
2023-05-17,20320,0,19514.0,22542.0,20569.0,23.5,18.6,28.7,0.0,3.4,0.0,7.80852,0,0,22362.0,0
2023-05-18,19627,0,20320.0,19514.0,17031.0,21.2,18.8,27.6,1.3,2.1,0.0,7.79468,1,0,22896.0,0
2023-05-19,29421,0,19627.0,20320.0,20321.0,22.3,16.7,27.8,0.0,2.3,0.0,10.65019,0,0,32992.0,0
2023-05-20,35956,1,29421.0,19627.0,30401.0,21.2,16.6,26.7,0.0,3.0,0.0,14.38485,0,0,40350.0,0
2023-05-21,31555,1,35956.0,29421.0,36056.0,17.8,15.3,21.9,0.2,3.0,0.0,11.24033,1,0,40257.0,0
2023-05-22,14814,0,31555.0,35956.0,34829.0,20.3,15.9,26.8,0.0,1.9,0.0,6.83072,0,0,22542.0,0
2023-05-23,19415,0,14814.0,31555.0,15786.0,20.5,14.1,26.9,0.0,2.2,0.0,6.80996,0,0,19514.0,0
2023-05-24,19539,0,19415.0,14814.0,19696.0,20.6,14.8,25.9,0.0,2.0,0.0,6.49845,0,0,20320.0,0
2023-05-25,19815,0,19539.0,19415.0,16590.0,21.2,15.7,27.4,0.0,2.4,0.0,6.94841,0,0,19627.0,0
2023-05-26,23639,0,19815.0,19539.0,20150.0,21.4,15.8,27.3,0.5,2.1,0.0,8.34501,1,0,29421.0,0
2023-05-27,13243,2,23639.0,19815.0,25222.0,19.3,18.6,20.7,31.8,1.7,0.0,6.34269,1,0,35956.0,0
2023-05-28,10750,1,13243.0,23639.0,32962.0,19.2,18.4,20.2,41.8,1.8,0.0,6.01561,1,0,31555.0,0
2023-05-29,33719,2,10750.0,13243.0,31858.0,23.2,19.0,28.5,2.3,1.6,0.0,12.72865,1,0,14814.0,0
2023-05-30,17780,0,33719.0,10750.0,13888.0,24.0,20.5,28.9,0.0,2.2,0.0,5.78024,0,0,19415.0,0
2023-05-31,18265,0,17780.0,33719.0,22110.0,22.8,18.8,28.2,0.0,2.5,0.0,6.04503,0,0,19539.0,0
2023-06-01,19764,0,18265.0,17780.0,33993.0,22.8,19.7,26.3,0.0,1.9,0.0,7.25819,0,0,19815.0,0
2023-06-02,19604,0,19764.0,18265.0,15659.0,20.4,17.9,25.0,0.0,2.3,0.0,9.39549,0,0,23639.0,0
2023-06-03,34319,1,19604.0,19764.0,18158.0,22.0,16.6,27.8,0.0,2.7,0.0,18.28392,0,0,13243.0,0
2023-06-04,41781,1,34319.0,19604.0,28446.0,22.1,16.9,28.0,0.0,2.4,0.0,21.03213,0,0,10750.0,0
2023-06-05,26167,0,41781.0,34319.0,28443.0,21.5,17.6,26.3,0.0,2.6,0.0,17.56398,0,0,33719.0,0
2023-06-06,41088,2,26167.0,41781.0,26971.0,20.3,17.3,25.2,0.0,2.6,0.0,16.067,0,0,17780.0,0
2023-06-07,17411,0,41088.0,26167.0,17696.0,21.4,18.9,25.7,0.0,2.1,0.0,5.13818,0,0,18265.0,0
2023-06-08,14343,0,17411.0,41088.0,16451.0,20.4,18.3,23.9,1.9,2.4,0.0,4.46671,1,0,19764.0,0
2023-06-09,19004,0,14343.0,17411.0,15935.0,23.3,18.3,28.4,1.2,2.0,0.0,5.41854,1,0,19604.0,0
2023-06-10,25561,1,19004.0,14343.0,15429.0,23.2,19.6,28.5,0.8,2.3,0.0,8.37616,1,0,34319.0,0
2023-06-11,29411,1,25561.0,19004.0,28537.0,22.1,17.9,27.3,32.2,2.2,0.0,8.12003,1,0,41781.0,0
2023-06-12,15588,0,29411.0,25561.0,29903.0,22.2,18.4,27.5,0.0,1.7,0.0,4.56362,0,0,26167.0,0
2023-06-13,16758,0,15588.0,29411.0,13792.0,22.0,19.2,26.0,0.0,2.2,0.0,5.60372,0,0,41088.0,0
2023-06-14,16991,0,16758.0,15588.0,14184.0,20.6,17.5,25.0,30.6,1.5,0.0,4.74534,1,0,17411.0,0
2023-06-15,17554,0,16991.0,16758.0,12376.0,22.7,17.7,28.3,0.0,2.1,0.0,4.92013,0,0,14343.0,0
2023-06-16,16873,0,17554.0,16991.0,16853.0,23.7,19.1,28.9,0.0,2.1,0.0,6.75977,0,0,19004.0,0
2023-06-17,29418,1,16873.0,17554.0,17739.0,24.2,18.9,30.2,0.0,2.0,0.0,9.81949,0,1,25561.0,0
2023-06-18,24040,1,29418.0,16873.0,25056.0,25.9,20.8,32.6,0.0,2.0,0.0,7.22876,0,1,29411.0,0
2023-06-19,11917,0,24040.0,29418.0,27705.0,28.5,23.3,34.0,0.0,2.2,0.0,3.62909,0,1,15588.0,0
2023-06-20,13296,0,11917.0,24040.0,14681.0,24.7,21.4,26.4,6.4,1.9,0.0,3.23278,1,0,16758.0,0
2023-06-21,13642,0,13296.0,11917.0,13798.0,20.5,19.2,22.1,24.9,2.1,0.0,3.1376,1,0,16991.0,0
2023-06-22,16074,0,13642.0,13296.0,14003.0,22.5,18.9,26.4,0.0,2.2,0.0,4.28845,0,0,17554.0,0
2023-06-23,16364,0,16074.0,13642.0,7457.0,24.4,20.0,29.9,0.0,1.5,0.0,5.12261,0,0,16873.0,0
2023-06-24,23517,1,16364.0,16074.0,14579.0,26.4,21.9,31.1,0.0,2.0,0.0,7.55931,0,1,29418.0,0
2023-06-25,21535,1,23517.0,16364.0,22934.0,28.2,22.8,33.1,0.0,2.1,0.0,5.48604,0,1,24040.0,0
2023-06-26,8678,0,21535.0,23517.0,19461.0,24.2,22.3,27.5,30.3,2.9,0.0,2.28787,1,0,11917.0,0
2023-06-27,15309,0,8678.0,21535.0,9205.0,25.3,21.4,29.1,2.5,3.2,0.0,3.27431,1,0,13296.0,0
2023-06-28,14195,0,15309.0,8678.0,11190.0,26.5,24.2,30.1,0.0,2.5,0.0,3.03376,0,1,13642.0,0
2023-06-29,8222,0,14195.0,15309.0,8533.0,24.2,23.2,25.9,63.8,2.3,0.0,2.32421,1,0,16074.0,0
2023-06-30,14180,0,8222.0,14195.0,5013.0,25.3,23.2,29.1,1.0,1.8,0.0,4.02021,1,0,16364.0,0
2023-07-01,18360,1,14180.0,8222.0,14287.0,27.7,23.3,32.9,0.0,2.0,0.0,6.11079,0,1,23517.0,0
2023-07-02,19675,1,18360.0,14180.0,18064.0,26.7,23.5,30.6,0.0,1.9,0.0,5.03262,0,1,21535.0,0
2023-07-03,10086,0,19675.0,18360.0,16415.0,29.1,24.1,34.9,0.0,1.8,0.0,2.72398,0,1,8678.0,0
2023-07-04,9608,0,10086.0,19675.0,9874.0,26.1,24.5,29.2,61.8,2.3,0.0,2.4142,1,0,15309.0,0
2023-07-05,15246,0,9608.0,10086.0,11161.0,24.5,22.1,27.1,15.3,3.7,0.0,3.31758,1,0,14195.0,0
2023-07-06,13189,0,15246.0,9608.0,10567.0,27.3,22.4,31.8,0.0,2.7,0.0,3.29162,0,1,8222.0,0
2023-07-07,13279,0,13189.0,15246.0,9475.0,26.7,23.3,31.4,0.0,2.3,0.0,3.73639,0,1,14180.0,0
2023-07-08,23120,1,13279.0,13189.0,12901.0,25.6,22.4,29.7,0.0,2.2,0.0,6.43614,0,0,18360.0,0
2023-07-09,13810,1,23120.0,13279.0,20101.0,24.7,21.6,27.0,47.5,2.0,0.0,3.3245,1,0,19675.0,0
2023-07-10,11628,0,13810.0,23120.0,16668.0,26.3,22.9,30.9,11.5,2.3,0.0,2.68418,1,1,10086.0,0
2023-07-11,8829,0,11628.0,13810.0,11072.0,23.5,21.6,25.9,58.3,1.9,0.0,2.23595,1,0,9608.0,0
2023-07-12,14297,0,8829.0,11628.0,12523.0,25.8,22.0,29.1,0.7,1.5,0.0,2.42458,1,0,15246.0,0
2023-07-13,6560,0,14297.0,8829.0,6601.0,25.2,24.7,26.5,91.6,1.6,0.0,2.00404,1,0,13189.0,0
2023-07-14,5624,0,6560.0,14297.0,14565.0,24.6,23.9,25.1,72.7,2.9,0.0,2.12692,1,0,13279.0,0
2023-07-15,17079,1,5624.0,6560.0,13460.0,24.5,23.7,25.7,2.3,3.0,0.0,4.11539,1,0,23120.0,0
2023-07-16,21703,1,17079.0,5624.0,16684.0,24.6,23.7,25.4,9.7,2.3,0.0,4.37498,1,0,13810.0,0
2023-07-17,12880,0,21703.0,17079.0,21755.0,25.5,23.7,27.8,1.4,1.7,0.0,3.1376,1,0,11628.0,0
2023-07-18,13432,0,12880.0,21703.0,12544.0,25.2,24.1,27.7,2.3,1.4,0.0,3.02684,1,0,8829.0,0
2023-07-19,14327,0,13432.0,12880.0,12871.0,27.2,22.5,32.4,0.0,1.7,0.0,3.52525,0,1,14297.0,0
2023-07-20,12560,0,14327.0,13432.0,12615.0,27.9,24.0,32.8,0.0,1.8,0.0,3.35565,0,1,6560.0,0
2023-07-21,12159,0,12560.0,14327.0,13549.0,29.5,24.6,34.3,0.0,1.8,0.0,3.60486,0,1,5624.0,0
2023-07-22,16145,1,12159.0,12560.0,13723.0,27.7,24.6,32.5,12.3,2.6,0.0,4.53593,1,1,17079.0,0
2023-07-23,13544,1,16145.0,12159.0,18426.0,25.2,24.5,25.8,40.2,2.1,0.0,3.27605,1,0,21703.0,0
2023-07-24,13980,0,13544.0,16145.0,22271.0,26.9,24.6,30.0,0.4,2.0,0.0,4.35595,1,1,12880.0,0
2023-07-25,15292,0,13980.0,13544.0,11776.0,27.8,25.8,30.5,5.6,2.7,0.0,4.42863,1,1,13432.0,0
2023-07-26,13944,0,15292.0,13980.0,14673.0,27.6,24.9,31.1,1.0,2.2,0.0,4.17077,1,1,14327.0,0
2023-07-27,14744,0,13944.0,15292.0,14146.0,28.4,24.4,32.2,0.0,1.9,0.0,4.52901,0,1,12560.0,0
2023-07-28,11932,0,14744.0,13944.0,14977.0,29.5,25.4,34.1,0.0,2.1,0.0,4.41306,0,1,12159.0,0
2023-07-29,15743,1,11932.0,14744.0,12835.0,29.1,26.1,33.3,0.0,2.0,0.0,4.88725,0,1,16145.0,0
2023-07-30,15442,1,15743.0,11932.0,12094.0,28.8,24.9,34.9,25.0,1.9,0.0,4.83533,1,1,13544.0,0
2023-07-31,11108,0,15442.0,15743.0,11368.0,28.7,25.6,33.4,0.3,1.7,0.0,4.69169,1,1,13980.0,0
2023-08-01,14009,0,11108.0,15442.0,9898.0,29.9,25.5,34.2,0.0,1.9,0.0,4.36287,0,1,15292.0,0
2023-08-02,13239,0,14009.0,11108.0,13032.0,29.7,26.8,33.7,0.0,2.1,0.0,3.71389,0,1,13944.0,0
2023-08-03,13082,0,13239.0,14009.0,12490.0,29.5,25.8,33.8,0.0,2.1,0.0,3.61178,0,1,14744.0,0
2023-08-04,12533,0,13082.0,13239.0,14244.0,30.0,26.5,34.4,0.0,1.9,0.0,3.36777,0,1,11932.0,0
2023-08-05,25385,1,12533.0,13082.0,12827.0,30.3,26.4,34.9,0.0,2.0,0.0,3.79523,0,1,15743.0,0
2023-08-06,13433,1,25385.0,12533.0,13467.0,29.8,27.0,33.0,4.9,1.7,0.0,3.5616,1,1,15442.0,0
2023-08-07,9253,0,13433.0,25385.0,15129.0,30.4,27.3,34.6,0.0,2.7,0.0,2.65129,0,1,11108.0,0
2023-08-08,11557,0,9253.0,13433.0,5218.0,30.9,26.4,35.8,0.0,2.9,0.0,2.78974,0,1,14009.0,0
2023-08-09,12403,0,11557.0,9253.0,4678.0,28.3,25.1,31.6,0.2,3.2,0.0,2.67379,1,1,13239.0,0
2023-08-10,6364,0,12403.0,11557.0,13859.0,22.2,20.9,25.1,86.1,3.7,0.0,2.20999,1,0,13082.0,0
2023-08-11,10768,0,6364.0,12403.0,13219.0,23.5,21.6,24.9,46.7,2.3,0.0,4.09289,1,0,12533.0,0
2023-08-12,21434,1,10768.0,6364.0,13145.0,23.3,22.5,24.1,1.5,1.9,0.0,7.87774,1,0,25385.0,0
2023-08-13,24614,1,21434.0,10768.0,15455.0,27.0,22.6,31.1,0.0,1.7,0.0,8.61845,0,1,13433.0,0
2023-08-14,12465,0,24614.0,21434.0,20932.0,28.1,24.8,31.9,0.0,1.6,0.0,6.77361,0,1,9253.0,0
2023-08-15,22551,2,12465.0,24614.0,14968.0,28.6,24.7,32.7,0.0,2.3,0.0,6.98302,0,1,11557.0,0
2023-08-16,12982,0,22551.0,12465.0,14203.0,27.3,24.7,31.6,0.3,2.1,0.0,3.83503,1,1,12403.0,0
2023-08-17,13379,0,12982.0,22551.0,13718.0,28.2,24.5,32.4,0.0,1.7,0.0,3.69658,0,1,6364.0,0
2023-08-18,12218,0,13379.0,12982.0,14748.0,29.1,25.5,33.3,0.1,1.9,0.0,4.31614,1,1,10768.0,0
2023-08-19,18711,1,12218.0,13379.0,10060.0,29.1,26.4,33.6,0.0,1.9,0.0,5.96542,0,1,21434.0,0
2023-08-20,18201,1,18711.0,12218.0,22495.0,28.3,25.5,31.8,0.0,1.6,0.0,5.65391,0,1,24614.0,0
2023-08-21,10545,0,18201.0,18711.0,21633.0,29.5,26.0,33.6,0.0,2.4,0.0,3.44911,0,1,12465.0,0
2023-08-22,9638,0,10545.0,18201.0,11781.0,27.6,25.8,32.2,42.6,2.4,0.0,2.99396,1,1,22551.0,0
2023-08-23,9478,0,9638.0,10545.0,13242.0,24.8,23.2,27.2,41.8,2.2,0.0,2.8382,1,0,12982.0,0
2023-08-24,13806,0,9478.0,9638.0,15271.0,25.1,22.3,27.8,5.2,2.8,0.0,3.53391,1,0,13379.0,0
2023-08-25,11341,0,13806.0,9478.0,13737.0,26.5,24.0,30.0,0.0,2.6,0.0,5.6989,0,1,12218.0,0
2023-08-26,25587,1,11341.0,13806.0,16444.0,26.4,23.3,30.3,0.0,1.8,0.0,10.01505,0,1,18711.0,0
2023-08-27,24534,1,25587.0,11341.0,35567.0,26.1,22.7,29.6,0.0,1.8,0.0,8.01273,0,0,18201.0,0
2023-08-28,11244,0,24534.0,25587.0,35064.0,22.7,20.8,25.6,10.4,3.3,0.0,6.48979,1,0,10545.0,0
2023-08-29,10824,0,11244.0,24534.0,12777.0,23.9,22.5,25.5,54.8,2.1,0.0,5.26971,1,0,9638.0,0
2023-08-30,14160,0,10824.0,11244.0,8456.0,22.8,21.5,24.5,3.5,1.1,0.0,4.39229,1,0,9478.0,0
2023-08-31,16938,0,14160.0,10824.0,16834.0,23.9,21.0,28.9,0.0,1.3,0.0,5.43412,0,0,13806.0,0
2023-09-01,17790,0,16938.0,14160.0,16720.0,24.5,19.7,29.6,0.0,2.0,0.0,8.46442,0,0,11341.0,0
2023-09-02,37117,1,17790.0,16938.0,18395.0,25.4,19.7,30.8,0.0,1.6,0.0,14.86942,0,1,25587.0,0
2023-09-03,26383,1,37117.0,17790.0,31430.0,25.8,23.1,28.8,0.1,2.2,0.0,9.41453,1,0,24534.0,0
2023-09-04,14551,0,26383.0,37117.0,10733.0,27.0,24.3,30.2,0.3,1.8,0.0,5.19876,1,1,11244.0,0
2023-09-05,13691,0,14551.0,26383.0,4053.0,28.5,25.0,32.8,0.0,1.8,0.0,4.14308,0,1,10824.0,0
2023-09-06,16017,0,13691.0,14551.0,17737.0,27.9,24.0,32.1,0.0,2.4,0.0,4.43209,0,1,14160.0,0
2023-09-07,15622,0,16017.0,13691.0,16064.0,26.3,20.9,31.6,0.0,2.5,0.0,4.72111,0,1,16938.0,0
2023-09-08,17050,0,15622.0,16017.0,16011.0,25.3,19.6,30.5,0.0,2.3,0.0,7.31356,0,1,17790.0,0
2023-09-09,31807,1,17050.0,15622.0,26079.0,25.8,20.8,31.2,0.0,1.8,0.0,12.0191,0,1,37117.0,0
2023-09-10,31869,1,31807.0,17050.0,29695.0,25.7,22.0,29.6,0.0,1.6,0.0,10.28676,0,0,26383.0,0
2023-09-11,14773,0,31869.0,31807.0,28530.0,25.5,23.1,29.8,0.0,1.9,0.0,4.74014,0,0,14551.0,0
2023-09-12,16243,0,14773.0,31869.0,33152.0,25.7,21.7,29.8,0.0,1.5,0.0,4.53074,0,0,13691.0,0
2023-09-13,12487,0,16243.0,14773.0,17185.0,22.1,19.6,24.6,15.9,1.8,0.0,3.0701,1,0,16017.0,0
2023-09-14,17571,0,12487.0,16243.0,16538.0,23.4,19.2,27.2,0.0,2.4,0.0,3.98733,0,0,15622.0,0
2023-09-15,14388,0,17571.0,12487.0,16651.0,22.3,20.3,24.3,2.1,2.6,0.0,4.17423,1,0,17050.0,0
2023-09-16,22033,1,14388.0,17571.0,13419.0,23.9,22.0,26.6,38.7,1.7,0.0,6.93802,1,0,31807.0,0
2023-09-17,24843,1,22033.0,14388.0,26135.0,24.7,22.0,28.0,3.0,1.4,0.0,7.88813,1,0,31869.0,0
2023-09-18,14073,0,24843.0,22033.0,27728.0,24.7,22.1,28.9,0.0,1.9,0.0,5.52065,0,0,14773.0,0
2023-09-19,15350,0,14073.0,24843.0,15397.0,24.1,21.6,27.2,0.0,1.6,0.0,5.38912,0,0,16243.0,0
2023-09-20,10233,0,15350.0,14073.0,18632.0,20.6,18.8,23.9,35.8,2.7,0.0,4.05136,1,0,12487.0,0
2023-09-21,17349,0,10233.0,15350.0,19044.0,20.1,17.5,23.6,0.0,2.3,0.0,5.99138,0,0,17571.0,0
2023-09-22,20809,0,17349.0,10233.0,19947.0,20.5,15.2,26.7,0.0,1.7,0.0,9.10648,0,0,14388.0,0
2023-09-23,36139,1,20809.0,17349.0,18539.0,21.8,16.3,27.6,0.0,2.5,0.0,14.04046,0,0,22033.0,0
2023-09-24,37665,1,36139.0,20809.0,36518.0,21.8,17.9,26.2,0.0,2.9,0.0,12.83422,0,0,24843.0,0
2023-09-25,13574,0,37665.0,36139.0,33162.0,21.6,17.9,26.0,1.9,2.3,0.0,5.81832,1,0,14073.0,0
2023-09-26,11033,0,13574.0,37665.0,16933.0,19.9,18.6,20.8,27.8,2.4,0.0,4.8111,1,0,15350.0,0
2023-09-27,14551,0,11033.0,13574.0,20147.0,21.5,20.0,23.7,4.4,1.8,0.0,7.95216,1,0,10233.0,0
2023-09-28,25966,2,14551.0,11033.0,19217.0,22.7,19.6,27.3,0.0,2.0,0.0,15.73992,0,0,17349.0,1
2023-09-29,31733,2,25966.0,14551.0,20261.0,21.1,17.4,26.9,0.0,1.4,0.0,20.8435,0,0,20809.0,1
2023-09-30,25381,2,31733.0,25966.0,21067.0,19.7,17.1,22.2,4.5,2.2,0.0,18.81349,1,0,36139.0,1
2023-10-01,45302,1,25381.0,31733.0,25719.0,18.4,14.4,23.7,0.0,2.4,0.0,26.19628,0,0,37665.0,1
2023-10-02,41766,2,45302.0,25381.0,24005.0,18.2,12.9,24.6,0.0,1.7,0.0,24.15589,0,0,13574.0,1
2023-10-03,36278,2,41766.0,45302.0,6332.0,17.5,14.4,22.5,0.0,1.7,0.0,12.81345,0,0,11033.0,1
2023-10-04,20838,0,36278.0,41766.0,15639.0,17.3,14.2,23.2,14.7,2.1,0.0,7.69257,1,0,14551.0,0
2023-10-05,18611,0,20838.0,36278.0,18654.0,14.2,9.9,19.2,0.0,2.6,0.0,6.67843,0,0,25966.0,0
2023-10-06,20223,0,18611.0,20838.0,16860.0,15.5,9.6,21.5,0.0,1.6,0.0,9.18609,0,0,31733.0,0
2023-10-07,32418,1,20223.0,18611.0,21755.0,16.8,11.7,21.2,0.0,2.1,0.0,14.01277,0,0,25381.0,0
2023-10-08,33532,1,32418.0,20223.0,35147.0,17.1,15.2,19.5,0.0,2.5,0.0,16.3214,0,0,45302.0,0
2023-10-09,32746,2,33532.0,32418.0,14436.0,17.4,14.1,22.4,1.2,1.9,0.0,11.76643,1,0,41766.0,0
2023-10-10,20128,0,32746.0,33532.0,16654.0,17.1,11.9,23.5,0.0,1.6,0.0,6.17828,0,0,36278.0,0
2023-10-11,20452,0,20128.0,32746.0,16135.0,17.6,12.9,24.0,0.0,1.7,0.0,6.51921,0,0,20838.0,0
2023-10-12,19301,0,20452.0,20128.0,19702.0,17.5,12.0,24.1,0.0,1.5,0.0,6.29423,0,0,18611.0,0
2023-10-13,19867,0,19301.0,20452.0,20765.0,17.5,14.3,21.5,0.0,1.5,0.0,6.76323,0,0,20223.0,0
2023-10-14,23102,1,19867.0,19301.0,21932.0,14.7,12.9,18.2,5.8,1.4,0.0,8.04042,1,0,32418.0,0
2023-10-15,37091,1,23102.0,19867.0,36294.0,16.1,10.9,21.2,0.0,2.0,0.0,11.65913,0,0,33532.0,0
2023-10-16,18372,0,37091.0,23102.0,28270.0,14.7,10.7,19.6,0.0,2.4,0.0,5.7837,0,0,32746.0,0
2023-10-17,20075,0,18372.0,37091.0,14830.0,13.8,7.5,20.9,0.0,1.6,0.0,6.05022,0,0,20128.0,0
2023-10-18,20832,0,20075.0,18372.0,17430.0,15.7,9.2,21.6,0.0,2.1,0.0,6.34788,0,0,20452.0,0
2023-10-19,17001,0,20832.0,20075.0,17806.0,17.0,14.9,18.9,8.2,1.5,0.0,5.72832,1,0,19301.0,0
2023-10-20,20565,0,17001.0,20832.0,21232.0,11.6,7.2,15.1,0.0,3.2,0.0,7.58354,0,0,19867.0,0
2023-10-21,33108,1,20565.0,17001.0,22239.0,10.4,5.9,16.6,1.1,2.3,0.0,11.16937,1,0,23102.0,0
2023-10-22,34191,1,33108.0,20565.0,34434.0,12.5,5.4,18.7,0.0,1.7,0.0,9.98217,0,0,37091.0,0
2023-10-23,18036,0,34191.0,33108.0,34860.0,15.2,11.1,21.4,0.0,1.7,0.0,5.97061,0,0,18372.0,0
2023-10-24,18248,0,18036.0,34191.0,15730.0,15.6,11.2,19.3,0.0,1.7,0.0,5.8062,0,0,20075.0,0
2023-10-25,20537,0,18248.0,18036.0,18954.0,16.6,12.7,21.9,0.0,1.4,0.0,6.03118,0,0,20832.0,0
2023-10-26,17119,0,20537.0,18248.0,19656.0,17.2,14.6,21.1,0.0,2.1,0.0,6.00349,0,0,17001.0,0
2023-10-27,22387,0,17119.0,20537.0,19284.0,15.7,12.6,20.2,0.0,1.9,0.0,9.90429,0,0,20565.0,0
2023-10-28,41933,1,22387.0,17119.0,23189.0,14.2,9.4,20.7,0.0,1.4,0.0,15.66204,0,0,33108.0,0
2023-10-29,41177,1,41933.0,22387.0,36619.0,14.9,9.8,21.8,0.0,1.7,0.0,13.05228,0,0,34191.0,0
2023-10-30,20305,0,41177.0,41933.0,36893.0,15.1,9.7,21.9,0.0,1.7,0.0,6.28558,0,0,18036.0,0
2023-10-31,21352,0,20305.0,41177.0,18740.0,16.5,12.7,20.8,0.0,1.8,0.0,4.94263,0,0,18248.0,0
2023-11-01,17901,0,21352.0,20305.0,19325.0,19.0,17.2,20.6,0.0,2.4,0.0,4.63631,0,0,20537.0,0
2023-11-02,22769,0,17901.0,21352.0,19736.0,20.8,18.7,25.9,0.0,2.9,0.0,5.29567,0,0,17119.0,0
2023-11-03,16620,0,22769.0,17901.0,14959.0,19.5,17.7,22.4,8.5,2.8,0.0,6.77707,1,0,22387.0,0
2023-11-04,34282,1,16620.0,22769.0,15600.0,17.4,14.1,20.9,0.0,2.6,0.0,10.54289,0,0,41933.0,0
2023-11-05,18588,1,34282.0,16620.0,33461.0,17.3,15.1,20.4,10.4,3.3,0.0,4.63111,1,0,41177.0,0
2023-11-06,8524,0,18588.0,34282.0,31474.0,13.3,6.6,19.3,45.8,4.9,0.0,3.04933,1,0,20305.0,0
2023-11-07,14227,0,8524.0,18588.0,15709.0,5.8,3.6,9.9,0.0,3.2,0.0,3.302,0,0,21352.0,0
2023-11-08,17213,0,14227.0,8524.0,18210.0,8.4,1.8,16.1,0.0,1.7,0.0,3.53045,0,0,17901.0,0
2023-11-09,15143,0,17213.0,14227.0,16861.0,11.4,5.9,18.4,5.1,2.1,0.0,3.63774,1,0,22769.0,0
2023-11-10,13389,0,15143.0,17213.0,16387.0,3.4,0.5,9.1,0.0,3.9,0.0,3.97175,0,0,16620.0,0
2023-11-11,20663,1,13389.0,15143.0,18627.0,1.7,-1.9,6.7,0.0,2.2,0.0,4.94955,0,0,34282.0,0
2023-11-12,20792,1,20663.0,13389.0,19068.0,1.2,-2.0,5.7,0.0,2.2,0.0,5.22818,0,0,18588.0,0
2023-11-13,16052,0,20792.0,20663.0,22198.0,2.0,-2.2,6.7,0.0,2.3,0.0,2.61668,0,0,8524.0,0
2023-11-14,9630,0,16052.0,20792.0,14541.0,5.0,-0.8,10.8,0.0,1.7,0.0,2.82609,0,0,14227.0,0
2023-11-15,15425,0,9630.0,16052.0,14218.0,7.0,2.0,12.5,0.0,1.5,0.0,2.83647,0,0,17213.0,0
2023-11-16,11990,0,15425.0,9630.0,15945.0,6.6,5.7,7.4,8.4,1.9,0.0,2.1996,1,0,15143.0,0
2023-11-17,14903,0,11990.0,15425.0,16232.0,1.6,-1.9,5.9,0.0,2.9,0.0,3.15144,0,0,13389.0,0
2023-11-18,20093,1,14903.0,11990.0,17409.0,0.6,-3.8,5.7,0.0,3.5,0.0,5.01012,0,0,20663.0,0
2023-11-19,26534,1,20093.0,14903.0,31289.0,5.9,-0.3,13.4,0.0,2.4,0.0,4.42863,0,0,20792.0,0
2023-11-20,20748,0,26534.0,20093.0,32260.0,6.2,1.8,12.8,0.0,1.5,0.0,2.90223,0,0,16052.0,0
2023-11-21,17275,0,20748.0,26534.0,14721.0,7.4,1.4,14.8,0.0,1.7,0.0,2.72052,0,0,9630.0,0
2023-11-22,15468,0,17275.0,20748.0,14608.0,9.5,2.9,15.1,0.0,1.8,0.0,2.48169,0,0,15425.0,0
2023-11-23,15501,0,15468.0,17275.0,16456.0,9.9,1.9,14.6,0.1,3.3,0.0,2.54573,1,0,11990.0,0
2023-11-24,13292,0,15501.0,15468.0,15869.0,-1.5,-4.4,2.2,0.0,3.8,0.0,2.4367,0,0,14903.0,0
2023-11-25,19391,1,13292.0,15501.0,15619.0,-1.3,-5.9,4.0,0.0,1.8,0.0,3.7312,0,0,20093.0,0
2023-11-26,24836,1,19391.0,13292.0,23155.0,4.0,-0.1,7.2,0.0,1.4,0.0,4.21231,0,0,26534.0,0
2023-11-27,14880,0,24836.0,19391.0,26147.0,6.2,4.4,9.3,3.6,2.4,0.0,1.90194,1,0,20748.0,0
2023-11-28,18077,0,14880.0,24836.0,8464.0,1.3,-1.2,5.2,0.0,3.3,0.0,1.94001,0,0,17275.0,0
2023-11-29,11306,0,18077.0,14880.0,11416.0,-1.4,-4.0,3.0,0.0,2.6,0.0,1.80502,0,0,15468.0,0
2023-11-30,9167,0,11306.0,18077.0,8335.0,-4.3,-7.3,-0.5,0.0,2.8,0.0,2.40382,0,0,15501.0,0
2023-12-01,10127,0,9167.0,11306.0,9151.0,-3.2,-6.8,0.7,0.0,2.0,0.0,2.40209,0,0,13292.0,0
2023-12-02,15835,1,10127.0,9167.0,10150.0,2.0,-4.4,8.0,0.0,2.4,0.0,3.39719,0,0,19391.0,0
2023-12-03,18285,1,15835.0,10127.0,14318.0,0.8,-2.8,6.0,0.0,1.7,0.0,3.29854,0,0,24836.0,0
2023-12-04,12184,0,18285.0,15835.0,12765.0,2.7,-3.0,9.4,0.0,1.6,0.0,2.08019,0,0,14880.0,0
2023-12-05,13732,0,12184.0,18285.0,9545.0,6.8,3.8,12.6,0.0,2.0,0.0,2.0352,0,0,18077.0,0
2023-12-06,11378,0,13732.0,12184.0,10872.0,6.1,3.9,8.7,3.8,2.3,0.0,2.07673,1,0,11306.0,0
2023-12-07,14258,0,11378.0,13732.0,13169.0,6.6,0.8,11.4,0.0,2.6,0.0,2.39516,0,0,9167.0,0
2023-12-08,15982,0,14258.0,11378.0,13583.0,11.2,5.1,16.8,0.0,3.0,0.0,4.46498,0,0,10127.0,0
2023-12-09,22131,1,15982.0,14258.0,13002.0,13.7,11.7,16.2,0.0,2.0,0.0,6.70266,0,0,15835.0,0
2023-12-10,24805,1,22131.0,15982.0,18874.0,11.4,6.7,15.5,0.0,,0.0,5.85639,0,0,18285.0,0
2023-12-11,11227,0,24805.0,22131.0,17025.0,8.9,5.0,12.3,11.4,,0.0,1.98501,1,0,12184.0,0
2023-12-12,12456,0,11227.0,24805.0,9174.0,5.4,3.5,9.3,0.4,2.7,0.0,2.10269,1,0,13732.0,0
2023-12-13,13203,0,12456.0,11227.0,9564.0,6.8,2.6,10.3,0.0,2.4,0.0,2.04039,0,0,11378.0,0
2023-12-14,7980,0,13203.0,12456.0,7235.0,7.6,6.2,9.1,17.0,4.5,0.0,1.47102,1,0,14258.0,0
2023-12-15,8182,0,7980.0,13203.0,6470.0,4.9,3.7,6.2,31.1,3.6,0.0,1.72022,1,0,15982.0,0
2023-12-16,10482,1,8182.0,7980.0,8055.0,-4.1,-9.9,3.8,1.5,5.2,1.0,2.04558,1,0,22131.0,0
2023-12-17,7596,1,10482.0,8182.0,9630.0,-9.8,-12.4,-6.4,0.0,3.2,0.0,1.71676,0,0,24805.0,0
2023-12-18,7198,0,7596.0,10482.0,9094.0,-7.7,-12.2,-3.6,0.0,2.2,0.0,1.44333,0,0,11227.0,0
2023-12-19,9475,0,7198.0,7596.0,7309.0,-3.7,-8.2,0.2,0.3,1.9,0.9,1.63196,1,0,12456.0,0
2023-12-20,8563,0,9475.0,7198.0,10108.0,-7.4,-11.9,-2.1,0.8,3.4,1.2,1.41564,1,0,13203.0,0
2023-12-21,7252,0,8563.0,9475.0,8215.0,-11.7,-14.4,-8.0,0.0,3.0,0.0,1.4191,0,0,7980.0,0
2023-12-22,6685,0,7252.0,8563.0,6317.0,-11.6,-14.7,-8.0,0.0,2.7,0.0,1.6735,0,0,8182.0,0
2023-12-23,7953,1,6685.0,7252.0,4721.0,-6.8,-12.7,-0.9,0.0,1.8,0.0,2.74994,0,0,10482.0,0
2023-12-24,14306,1,7953.0,6685.0,10050.0,-2.2,-5.6,3.0,1.1,1.6,1.5,4.29018,1,0,7596.0,0
2023-12-25,11119,2,14306.0,7953.0,12856.0,-0.7,-2.7,2.1,0.7,1.5,3.0,3.85926,1,0,7198.0,0
2023-12-26,11962,0,11119.0,14306.0,8939.0,1.9,-2.6,7.2,0.0,1.8,0.0,2.73956,0,0,9475.0,0
2023-12-27,11982,0,11962.0,11119.0,12603.0,1.5,-2.8,6.8,0.0,1.4,0.0,2.82262,0,0,8563.0,0
2023-12-28,12767,0,11982.0,11962.0,11307.0,1.2,-1.7,4.4,0.0,1.6,0.0,2.9853,0,0,7252.0,0
2023-12-29,13114,0,12767.0,11982.0,12034.0,1.3,-1.5,4.6,0.0,1.7,0.0,2.97492,0,0,6685.0,0
2023-12-30,10319,1,13114.0,12767.0,12899.0,0.6,-0.9,2.1,13.1,2.6,12.2,2.63918,1,0,7953.0,0
2023-12-31,12424,1,10319.0,13114.0,13873.0,2.1,0.6,4.3,4.7,2.0,0.0,3.80215,1,0,14306.0,0
2024-01-01,15824,2,12424.0,10319.0,13425.0,3.3,-0.3,7.3,0.0,1.7,0.0,5.49469,0,0,11119.0,0
2024-01-02,12794,0,15824.0,12424.0,9531.0,2.9,2.2,4.3,0.0,1.6,0.0,2.77071,0,0,11962.0,0
2024-01-03,10418,0,12794.0,15824.0,11814.0,1.8,-1.1,4.0,0.6,1.6,0.0,2.48689,1,0,11982.0,0
2024-01-04,10639,0,10418.0,12794.0,12466.0,1.4,-3.3,4.7,0.0,1.9,0.0,2.5838,0,0,12767.0,0
2024-01-05,11838,0,10639.0,10418.0,14598.0,5.0,1.4,9.1,0.0,2.3,0.0,3.22067,0,0,13114.0,0
2024-01-06,19120,1,11838.0,10639.0,12620.0,0.7,-2.7,5.2,2.4,2.2,6.0,4.86648,1,0,10319.0,0
2024-01-07,13378,1,19120.0,11838.0,15200.0,-4.4,-8.3,-0.9,0.0,3.1,0.0,3.18086,0,0,12424.0,0
2024-01-08,6115,0,13378.0,19120.0,16738.0,-4.7,-10.3,0.0,0.0,1.8,0.0,1.74272,0,0,15824.0,0
2024-01-09,6988,0,6115.0,13378.0,10616.0,-0.6,-1.9,0.4,1.6,2.0,2.8,1.80329,1,0,12794.0,0
2024-01-10,10652,0,6988.0,6115.0,14015.0,-1.0,-4.1,3.3,0.0,1.7,0.0,2.075,0,0,10418.0,0
2024-01-11,10197,0,10652.0,6988.0,13213.0,1.7,-2.4,4.5,0.0,1.9,0.0,2.39689,0,0,10639.0,0
2024-01-12,11229,0,10197.0,10652.0,14619.0,0.9,-1.4,4.2,0.0,2.3,0.0,3.16009,0,0,11838.0,0
2024-01-13,17631,1,11229.0,10197.0,8474.0,0.4,-3.8,6.4,0.0,1.4,0.0,4.67265,0,0,19120.0,0
2024-01-14,11468,1,17631.0,11229.0,11933.0,-0.6,-3.3,2.4,3.1,2.1,0.0,2.95761,1,0,13378.0,0
2024-01-15,8664,0,11468.0,17631.0,8236.0,-3.7,-6.9,0.9,0.0,2.5,0.0,2.24979,0,0,6115.0,0
2024-01-16,11002,0,8664.0,11468.0,8662.0,-2.1,-7.2,4.3,0.0,1.5,0.0,2.38305,0,0,6988.0,0
2024-01-17,7357,0,11002.0,8664.0,9801.0,0.6,-2.3,1.9,9.7,2.0,2.3,2.21345,1,0,10652.0,0
2024-01-18,11473,0,7357.0,11002.0,10916.0,4.5,1.4,9.4,0.5,2.4,0.0,2.80013,1,0,10197.0,0
2024-01-19,10945,0,11473.0,7357.0,9804.0,5.4,4.0,9.0,0.0,4.5,0.0,3.5564,0,0,11229.0,0
2024-01-20,12706,1,10945.0,11473.0,8037.0,3.4,1.9,4.9,0.4,5.3,0.0,3.87311,1,0,17631.0,0
2024-01-21,14268,1,12706.0,10945.0,7497.0,1.7,-2.4,4.3,0.4,2.5,0.0,3.46295,1,0,11468.0,0
2024-01-22,4678,0,14268.0,12706.0,8907.0,-8.7,-11.9,-2.4,0.2,4.1,2.3,1.74272,1,0,8664.0,0
2024-01-23,5030,0,4678.0,14268.0,14757.0,-11.7,-14.0,-8.2,0.0,3.9,0.0,1.50563,0,0,11002.0,0
2024-01-24,6319,0,5030.0,4678.0,5517.0,-8.0,-11.2,-3.7,0.0,3.3,0.0,1.69426,0,0,7357.0,0
2024-01-25,8084,0,6319.0,5030.0,6123.0,-5.3,-9.7,-0.5,0.0,2.1,0.0,1.7981,0,0,11473.0,0
2024-01-26,10011,0,8084.0,6319.0,6590.0,-1.7,-6.9,4.0,0.0,1.9,0.0,2.68071,0,0,10945.0,0
2024-01-27,16443,1,10011.0,8084.0,7058.0,-0.5,-4.6,4.6,0.0,1.8,0.0,4.45113,0,0,12706.0,0
2024-01-28,17980,1,16443.0,10011.0,12718.0,-1.5,-5.0,3.8,0.0,1.9,0.0,4.26596,0,0,14268.0,0
2024-01-29,9975,0,17980.0,16443.0,17167.0,-0.4,-4.8,4.6,0.0,1.7,0.0,2.73782,0,0,4678.0,0
2024-01-30,11196,0,9975.0,17980.0,10667.0,1.4,-4.0,8.1,0.0,1.4,0.0,2.81051,0,0,5030.0,0
2024-01-31,11831,0,11196.0,9975.0,12409.0,4.7,0.7,10.6,0.0,1.9,0.0,2.89704,0,0,6319.0,0
2024-02-01,10890,0,11831.0,11196.0,12149.0,2.4,-1.3,8.2,0.0,2.1,0.0,2.91435,0,0,8084.0,0
2024-02-02,11828,0,10890.0,11831.0,11413.0,3.1,0.7,7.9,0.0,2.1,0.0,4.18981,0,0,10011.0,0
2024-02-03,18174,1,11828.0,10890.0,10944.0,4.7,-0.2,8.3,0.0,2.2,0.0,5.58987,0,0,16443.0,0
2024-02-04,24796,1,18174.0,11828.0,19197.0,7.3,3.7,12.2,0.0,1.8,0.0,6.56421,0,0,17980.0,0
2024-02-05,5909,0,24796.0,18174.0,21548.0,2.7,0.1,6.6,3.9,5.0,3.6,2.3744,1,0,9975.0,0
2024-02-06,9308,0,5909.0,24796.0,11738.0,1.2,0.0,2.9,0.2,2.2,0.2,2.48689,1,0,11196.0,0
2024-02-07,9072,0,9308.0,5909.0,13366.0,0.6,-0.9,2.7,0.0,2.1,0.0,2.72917,0,0,11831.0,0
2024-02-08,10936,0,9072.0,9308.0,13548.0,0.6,-3.0,6.2,0.0,1.6,0.0,3.80215,0,0,10890.0,0
2024-02-09,12246,2,10936.0,9072.0,14648.0,1.1,-2.5,6.1,0.0,2.2,0.0,6.1229,0,0,11828.0,1
2024-02-10,15137,2,12246.0,10936.0,12461.0,1.7,-1.5,7.4,0.0,1.9,0.0,8.43327,0,0,18174.0,1
2024-02-11,16251,2,15137.0,12246.0,23722.0,1.0,-3.1,5.5,0.0,2.2,0.0,9.15321,0,0,24796.0,1
2024-02-12,22419,2,16251.0,15137.0,23207.0,3.5,-2.9,10.5,0.0,1.8,0.0,8.57864,0,0,5909.0,1
2024-02-13,15540,0,22419.0,16251.0,13753.0,8.2,2.0,13.7,0.0,2.5,0.0,4.55324,0,0,9308.0,0
2024-02-14,15996,0,15540.0,22419.0,13485.0,12.9,8.8,18.3,0.0,2.2,0.0,3.95271,0,0,9072.0,0
2024-02-15,7639,0,15996.0,15540.0,14513.0,4.5,0.6,11.6,10.9,2.9,1.5,3.44911,1,0,10936.0,0
2024-02-16,13367,0,7639.0,15996.0,11968.0,2.3,-1.5,8.1,0.0,1.8,0.0,5.65045,0,0,12246.0,0
2024-02-17,26940,1,13367.0,7639.0,15737.0,4.4,-1.2,11.7,0.0,1.7,0.0,9.06148,0,0,15137.0,0
2024-02-18,19178,1,26940.0,13367.0,19499.0,6.2,1.2,9.4,17.1,2.8,0.0,5.65391,1,0,16251.0,0
2024-02-19,7091,0,19178.0,26940.0,20482.0,9.1,4.2,11.9,8.9,2.3,0.0,3.27778,1,0,22419.0,0
2024-02-20,10571,0,7091.0,19178.0,9884.0,4.3,2.8,6.8,2.6,3.4,0.0,3.22759,1,0,15540.0,0
2024-02-21,6678,0,10571.0,7091.0,13441.0,1.9,0.0,4.0,17.8,5.2,5.2,2.46958,1,0,15996.0,0
2024-02-22,9204,0,6678.0,10571.0,14602.0,0.2,-1.1,1.6,8.8,4.2,8.6,2.90916,1,0,7639.0,0
2024-02-23,12736,0,9204.0,6678.0,16394.0,1.8,-1.0,6.1,0.4,3.5,0.3,4.46498,1,0,13367.0,0
2024-02-24,20472,1,12736.0,9204.0,16103.0,2.0,-1.3,5.9,2.3,2.9,0.0,5.89965,1,0,26940.0,0
2024-02-25,19940,1,20472.0,12736.0,19258.0,2.8,0.8,5.9,1.8,2.0,0.2,5.43239,1,0,19178.0,0
2024-02-26,14734,0,19940.0,20472.0,26328.0,3.8,-1.2,9.7,0.0,1.9,0.0,5.95503,0,0,7091.0,0
2024-02-27,17573,0,14734.0,19940.0,17409.0,5.3,1.2,9.8,0.0,3.0,0.0,5.6141,0,0,10571.0,0
2024-02-28,17957,0,17573.0,14734.0,19215.0,6.4,3.2,10.1,0.0,2.1,0.0,5.77505,0,0,6678.0,0
2024-02-29,17128,0,17957.0,17573.0,26038.0,4.8,0.3,9.6,0.0,2.2,0.0,6.20943,0,0,9204.0,0
2024-03-01,15738,2,17128.0,17957.0,13917.0,-4.1,-7.1,0.3,0.0,4.4,0.0,5.83562,0,0,12736.0,0
2024-03-02,15189,1,15738.0,17128.0,14351.0,-0.5,-8.1,4.1,0.0,3.2,0.0,13.91585,0,0,20472.0,0
2024-03-03,18814,1,15189.0,15738.0,28609.0,4.0,0.4,7.8,0.0,2.9,0.0,7.76352,0,0,19940.0,0
2024-03-04,14409,0,18814.0,15189.0,31388.0,5.4,-1.8,11.7,0.0,1.6,0.0,3.65332,0,0,14734.0,0
2024-03-05,12570,0,14409.0,18814.0,15580.0,8.0,5.5,11.0,0.0,2.9,0.0,3.38507,0,0,17573.0,0
2024-03-06,13323,0,12570.0,14409.0,16666.0,6.2,2.5,10.3,0.0,2.8,0.0,3.52525,0,0,17957.0,0
2024-03-07,10445,0,13323.0,12570.0,14206.0,3.9,1.2,8.2,2.1,3.0,0.0,3.5391,1,0,17128.0,0
2024-03-08,11586,0,10445.0,13323.0,13049.0,2.1,-0.7,6.5,0.0,3.4,0.0,4.2348,0,0,15738.0,0
2024-03-09,21801,1,11586.0,10445.0,17116.0,2.0,-2.1,7.1,0.0,2.7,0.0,6.89822,0,0,15189.0,0
2024-03-10,26968,1,21801.0,11586.0,40200.0,4.2,-1.8,10.6,0.0,2.1,0.0,8.01619,0,0,18814.0,0
2024-03-11,12813,0,26968.0,21801.0,9811.0,6.2,2.0,10.8,0.0,,0.0,3.59102,0,0,14409.0,0
2024-03-12,10726,0,12813.0,26968.0,9800.0,6.6,4.4,10.0,2.1,,0.0,3.57717,1,0,12570.0,0
2024-03-13,13773,0,10726.0,12813.0,13011.0,6.5,1.3,12.0,0.0,2.7,0.0,4.30057,0,0,13323.0,0
2024-03-14,15800,0,13773.0,10726.0,10942.0,8.5,3.4,15.4,0.0,,0.0,5.3424,0,0,10445.0,0
2024-03-15,16008,0,15800.0,13773.0,11614.0,8.9,4.0,14.5,0.0,2.3,0.0,8.72055,0,0,11586.0,0
2024-03-16,34921,1,16008.0,15800.0,14788.0,10.9,4.4,18.3,0.0,2.1,0.0,13.2911,0,0,21801.0,0
2024-03-17,27431,1,34921.0,16008.0,34756.0,8.8,5.4,12.2,0.1,3.7,0.0,8.89015,1,0,26968.0,0
2024-03-18,14934,0,27431.0,34921.0,36249.0,7.1,1.4,13.2,0.0,2.4,0.0,4.73495,0,0,12813.0,0
2024-03-19,10526,0,14934.0,27431.0,15377.0,6.7,3.9,9.8,0.2,3.7,0.0,4.04444,1,0,10726.0,0
2024-03-20,12148,0,10526.0,14934.0,19112.0,4.4,1.2,8.7,0.0,3.4,0.0,4.25557,0,0,13773.0,0
2024-03-21,15091,0,12148.0,10526.0,19152.0,5.0,-1.2,11.5,0.0,2.0,0.0,4.9582,0,0,15800.0,0
2024-03-22,11550,0,15091.0,12148.0,17201.0,10.4,3.8,15.2,5.4,3.4,0.0,7.06436,1,0,16008.0,0
2024-03-23,37198,1,11550.0,15091.0,17313.0,13.0,9.3,18.2,0.1,2.3,0.0,16.14315,1,0,34921.0,0
2024-03-24,45962,1,37198.0,11550.0,43182.0,16.2,10.5,23.4,0.0,2.4,0.0,15.20862,0,0,27431.0,0
2024-03-25,9428,0,45962.0,37198.0,50844.0,10.6,6.7,14.5,5.1,4.0,0.0,5.05338,1,0,14934.0,0
2024-03-26,13423,0,9428.0,45962.0,20935.0,7.4,3.2,12.4,11.5,2.6,0.0,5.61583,1,0,10526.0,0
2024-03-27,18052,0,13423.0,9428.0,21202.0,10.4,4.4,16.2,0.0,2.0,0.0,6.59536,0,0,12148.0,0
2024-03-28,10969,0,18052.0,13423.0,28149.0,10.3,7.8,12.2,1.9,1.8,0.0,5.69544,1,0,15091.0,0
2024-03-29,12070,0,10969.0,18052.0,32710.0,7.6,5.0,12.3,1.4,2.8,0.0,7.4849,1,0,11550.0,0
2024-03-30,32122,1,12070.0,10969.0,37888.0,8.8,3.0,15.6,0.0,2.4,0.0,13.06266,0,0,37198.0,0
2024-03-31,43214,1,32122.0,12070.0,77835.0,10.6,3.4,17.7,0.0,1.9,0.0,14.80366,0,0,45962.0,0
2024-04-01,21883,0,43214.0,32122.0,80723.0,12.2,5.5,19.0,0.0,1.8,0.0,9.76238,0,0,9428.0,0
2024-04-02,26930,0,21883.0,43214.0,32837.0,15.4,7.0,23.9,0.0,2.0,0.0,11.2109,0,0,13423.0,0
2024-04-03,21291,0,26930.0,21883.0,21574.0,16.6,13.9,19.7,0.0,1.8,0.0,10.60865,0,0,18052.0,0
2024-04-04,30975,0,21291.0,26930.0,8306.0,15.5,12.4,20.3,0.0,2.9,0.0,14.2014,0,0,10969.0,0
2024-04-05,38677,0,30975.0,21291.0,11738.0,14.0,10.2,18.8,0.0,2.5,0.0,18.94328,0,0,12070.0,0
2024-04-06,71819,1,38677.0,30975.0,23564.0,12.7,8.0,18.9,0.0,1.9,0.0,27.03736,0,0,32122.0,0
2024-04-07,71031,1,71819.0,38677.0,40578.0,14.8,7.7,23.4,0.0,2.0,0.0,21.54959,0,0,43214.0,0
2024-04-08,27000,0,71031.0,71819.0,44528.0,16.2,11.0,22.8,0.0,2.1,0.0,12.26139,0,0,21883.0,0
2024-04-09,29952,0,27000.0,71031.0,20370.0,15.3,10.6,20.8,0.0,3.5,0.0,15.48725,0,0,26930.0,0
2024-04-10,55942,2,29952.0,27000.0,9899.0,13.8,10.2,18.5,0.0,2.6,0.0,16.84751,0,0,21291.0,0
2024-04-11,22662,0,55942.0,29952.0,15789.0,15.5,11.7,21.1,0.0,1.8,0.0,7.89851,0,0,30975.0,0
2024-04-12,28406,0,22662.0,55942.0,16133.0,17.2,12.0,24.2,0.0,2.1,0.0,11.98449,0,0,38677.0,0
2024-04-13,51319,1,28406.0,22662.0,18092.0,19.1,11.2,27.3,0.0,1.9,0.0,16.83194,0,0,71819.0,0
2024-04-14,44566,1,51319.0,28406.0,22609.0,20.8,13.6,29.4,0.0,1.9,0.0,12.69058,0,0,71031.0,0
2024-04-15,13842,0,44566.0,51319.0,29449.0,16.0,11.7,20.0,17.1,2.5,0.0,5.33374,1,0,27000.0,0
2024-04-16,22064,0,13842.0,44566.0,17526.0,13.3,11.5,17.9,2.3,2.5,0.0,6.18694,1,0,29952.0,0
2024-04-17,21360,0,22064.0,13842.0,15929.0,15.0,9.7,21.8,0.0,2.2,0.0,6.70093,0,0,55942.0,0
2024-04-18,22790,0,21360.0,22064.0,24030.0,17.3,10.7,24.9,0.0,2.2,0.0,6.73381,0,0,22662.0,0
2024-04-19,28029,0,22790.0,21360.0,17828.0,17.6,11.5,24.3,0.0,2.1,0.0,8.37443,0,0,28406.0,0
2024-04-20,25068,1,28029.0,22790.0,23086.0,14.9,13.0,17.2,4.8,3.0,0.0,7.68738,1,0,51319.0,0
2024-04-21,37679,1,25068.0,28029.0,40574.0,17.2,13.3,21.7,0.0,3.8,0.0,11.15899,0,0,44566.0,0
2024-04-22,25140,0,37679.0,25068.0,39111.0,18.8,15.0,24.1,0.0,3.1,0.0,7.82063,0,0,13842.0,0
2024-04-23,22927,0,25140.0,37679.0,19592.0,17.3,13.2,24.2,0.0,3.6,0.0,7.89332,0,0,22064.0,0
2024-04-24,19355,0,22927.0,25140.0,11721.0,13.2,11.0,16.5,9.0,3.0,0.0,7.34645,1,0,21360.0,0
2024-04-25,27008,0,19355.0,22927.0,15969.0,14.4,10.3,20.8,0.0,1.9,0.0,8.03177,0,0,22790.0,0
2024-04-26,28236,0,27008.0,19355.0,23422.0,17.8,11.4,26.0,0.0,1.9,0.0,10.56712,0,0,28029.0,0
2024-04-27,47707,1,28236.0,27008.0,21953.0,18.2,11.5,26.2,0.0,1.9,0.0,15.0494,0,0,25068.0,0
2024-04-28,46035,1,47707.0,28236.0,14722.0,20.7,13.0,28.9,0.0,1.6,0.0,13.32571,0,0,37679.0,0
2024-04-29,23719,0,46035.0,47707.0,38648.0,20.9,16.9,26.1,0.0,3.0,0.0,9.42664,0,0,25140.0,0
2024-04-30,26912,0,23719.0,46035.0,45960.0,18.6,16.0,22.5,0.0,2.2,0.0,13.48147,0,0,22927.0,0
2024-05-01,59644,0,26912.0,23719.0,20623.0,18.5,13.9,24.0,0.0,2.4,0.0,16.0047,0,0,19355.0,0
2024-05-02,24620,0,59644.0,26912.0,24961.0,18.1,12.4,23.7,0.0,2.4,0.0,10.28676,0,0,27008.0,0
2024-05-03,28834,0,24620.0,59644.0,28214.0,19.7,12.2,27.9,0.0,1.9,0.0,13.63549,0,0,28236.0,0
2024-05-04,45515,1,28834.0,24620.0,14380.0,21.4,14.6,28.5,0.0,1.9,0.0,17.25594,0,0,47707.0,0
2024-05-05,17049,2,45515.0,28834.0,16071.0,17.8,15.7,20.6,48.3,2.5,0.0,7.74449,1,0,46035.0,0
2024-05-06,16479,2,17049.0,45515.0,34389.0,13.9,13.4,15.7,12.3,3.1,0.0,5.86331,1,0,23719.0,0
2024-05-07,15045,0,16479.0,17049.0,19661.0,13.3,12.2,15.0,2.4,3.0,0.0,4.70207,1,0,26912.0,0
2024-05-08,21611,0,15045.0,16479.0,20981.0,14.7,9.0,21.4,0.0,2.3,0.0,5.74736,0,0,59644.0,0
2024-05-09,25529,0,21611.0,15045.0,22362.0,16.1,10.9,21.8,0.0,2.9,0.0,7.51432,0,0,24620.0,0
2024-05-10,31414,0,25529.0,21611.0,22896.0,17.9,12.5,23.8,0.0,2.6,0.0,8.55961,0,0,28834.0,0
2024-05-11,22146,1,31414.0,25529.0,32992.0,17.0,14.0,22.0,31.7,3.5,0.0,7.56623,1,0,45515.0,0
2024-05-12,39621,1,22146.0,31414.0,40350.0,16.6,11.9,21.6,0.0,2.7,0.0,11.67125,0,0,17049.0,0
2024-05-13,23091,0,39621.0,22146.0,40257.0,18.3,11.9,24.5,0.0,2.3,0.0,8.61499,0,0,16479.0,0
2024-05-14,28863,0,23091.0,39621.0,22542.0,18.8,12.7,24.7,0.0,2.4,0.0,8.91784,0,0,15045.0,0
2024-05-15,20182,2,28863.0,23091.0,19514.0,12.6,7.2,18.8,20.6,2.7,0.0,7.09378,1,0,21611.0,0
2024-05-16,22967,0,20182.0,28863.0,20320.0,13.7,6.9,19.8,0.1,3.1,0.0,8.02485,1,0,25529.0,0
2024-05-17,31282,0,22967.0,20182.0,19627.0,18.3,10.8,24.9,0.0,2.2,0.0,12.02083,0,0,31414.0,0
2024-05-18,46907,1,31282.0,22967.0,29421.0,20.7,16.0,26.5,0.0,2.0,0.0,16.72464,0,0,22146.0,0
2024-05-19,45056,1,46907.0,31282.0,35956.0,21.5,15.9,27.9,0.0,1.9,0.0,12.47079,0,0,39621.0,0
2024-05-20,17782,0,45056.0,46907.0,31555.0,19.4,16.8,22.8,0.0,2.3,0.0,5.97753,0,0,23091.0,0
2024-05-21,20053,0,17782.0,45056.0,14814.0,21.7,16.3,28.3,0.0,1.9,0.0,5.20914,0,0,28863.0,0
2024-05-22,19782,0,20053.0,17782.0,19415.0,20.5,16.4,25.5,0.0,2.3,0.0,5.29913,0,0,20182.0,0
2024-05-23,20749,0,19782.0,20053.0,19539.0,20.2,15.8,26.4,0.0,2.5,0.0,6.06406,0,0,22967.0,0
2024-05-24,26777,0,20749.0,19782.0,19815.0,20.1,15.7,24.7,0.0,2.1,0.0,8.17541,0,0,31282.0,0
2024-05-25,38820,1,26777.0,20749.0,23639.0,21.4,18.7,24.7,0.0,1.8,0.0,10.91324,0,0,46907.0,0
2024-05-26,21861,1,38820.0,26777.0,13243.0,19.9,17.0,23.7,8.7,2.7,0.0,5.75947,1,0,45056.0,0
2024-05-27,19188,0,21861.0,38820.0,10750.0,18.5,14.1,22.6,0.0,3.3,0.0,5.73871,0,0,17782.0,0
2024-05-28,21421,0,19188.0,21861.0,33719.0,20.4,14.3,26.1,0.0,2.5,0.0,7.37933,0,0,20053.0,0
2024-05-29,20805,0,21421.0,19188.0,17780.0,21.2,15.4,26.8,0.0,2.1,0.0,8.24983,0,0,19782.0,0
2024-05-30,19999,0,20805.0,21421.0,18265.0,20.7,16.2,24.6,0.0,1.6,0.0,6.92591,0,0,20749.0,0
2024-05-31,22127,0,19999.0,20805.0,19764.0,20.4,16.9,25.4,1.0,2.6,0.0,9.03206,1,0,26777.0,0
2024-06-01,37180,1,22127.0,19999.0,19604.0,20.7,17.5,25.2,0.0,2.8,0.0,16.26776,0,0,38820.0,0
2024-06-02,40106,1,37180.0,22127.0,34319.0,20.4,15.7,25.8,0.0,2.7,0.0,13.60953,0,0,21861.0,0
2024-06-03,18717,0,40106.0,37180.0,41781.0,22.2,15.7,28.7,0.0,2.4,0.0,8.56134,0,0,19188.0,0
2024-06-04,23123,0,18717.0,40106.0,26167.0,22.8,16.3,29.3,0.0,2.4,0.0,9.41107,0,0,21421.0,0
2024-06-05,20491,0,23123.0,18717.0,41088.0,23.6,18.1,30.1,0.0,1.9,0.0,13.17169,0,1,20805.0,0
2024-06-06,55822,2,20491.0,23123.0,17411.0,24.1,19.3,31.4,0.0,2.0,0.0,21.89917,0,1,19999.0,0
2024-06-07,24744,0,55822.0,20491.0,14343.0,23.1,18.3,28.0,0.8,1.9,0.0,10.20542,1,0,22127.0,0
2024-06-08,25680,1,24744.0,55822.0,19004.0,20.3,17.9,25.0,16.9,1.6,0.0,8.42462,1,0,37180.0,0
2024-06-09,33746,1,25680.0,24744.0,25561.0,22.9,17.4,28.8,0.0,1.8,0.0,9.44568,0,0,40106.0,0
2024-06-10,16709,0,33746.0,25680.0,29411.0,24.7,19.0,31.1,0.0,2.2,0.0,4.24519,0,1,18717.0,0
2024-06-11,15923,0,16709.0,33746.0,15588.0,25.4,21.7,31.6,0.0,2.4,0.0,3.80215,0,1,23123.0,0
2024-06-12,17942,0,15923.0,16709.0,16758.0,24.8,19.2,31.8,0.0,2.1,0.0,3.97521,0,1,20491.0,0
2024-06-13,25681,0,17942.0,15923.0,16991.0,26.4,20.0,32.8,0.0,1.8,0.0,6.08137,0,1,55822.0,0
2024-06-14,17855,0,25681.0,17942.0,17554.0,26.3,21.4,33.0,0.0,2.3,0.0,5.15203,0,1,24744.0,0
2024-06-15,22677,1,17855.0,25681.0,16873.0,24.2,21.8,28.2,6.1,1.9,0.0,8.8417,1,0,25680.0,0
2024-06-16,26909,1,22677.0,17855.0,29418.0,24.3,19.9,29.5,0.0,2.8,0.0,8.63402,0,0,33746.0,0
2024-06-17,15499,0,26909.0,22677.0,24040.0,24.8,18.9,30.2,0.0,2.4,0.0,4.52555,0,1,16709.0,0
2024-06-18,16315,0,15499.0,26909.0,11917.0,26.0,20.4,32.9,0.0,2.1,0.0,3.71908,0,1,15923.0,0
2024-06-19,13983,0,16315.0,15499.0,13296.0,28.8,21.4,35.8,0.0,1.6,0.0,3.22586,0,1,17942.0,0
2024-06-20,13658,0,13983.0,16315.0,13642.0,29.4,23.4,35.4,0.0,2.0,0.0,3.00434,0,1,25681.0,0
2024-06-21,14613,0,13658.0,13983.0,16074.0,28.1,22.9,33.9,0.0,2.0,0.0,3.62909,0,1,17855.0,0
2024-06-22,18829,1,14613.0,13658.0,16364.0,24.2,22.6,26.1,16.5,2.0,0.0,6.26481,1,0,22677.0,0
2024-06-23,23572,1,18829.0,14613.0,23517.0,25.1,22.5,30.1,5.1,2.2,0.0,6.99686,1,1,26909.0,0
2024-06-24,14073,0,23572.0,18829.0,21535.0,24.3,21.2,27.9,0.0,2.9,0.0,3.3245,0,0,15499.0,0
2024-06-25,16894,0,14073.0,23572.0,8678.0,22.9,19.1,27.2,0.0,3.0,0.0,3.06491,0,0,16315.0,0
2024-06-26,15720,0,16894.0,14073.0,15309.0,24.9,18.9,31.6,0.0,1.9,0.0,3.55121,0,1,13983.0,0
2024-06-27,14703,0,15720.0,16894.0,14195.0,26.3,20.6,31.6,0.0,1.6,0.0,2.95069,0,1,13658.0,0
2024-06-28,14664,0,14703.0,15720.0,8222.0,26.6,21.3,32.5,0.0,2.1,0.0,3.34527,0,1,14613.0,0
2024-06-29,19975,1,14664.0,14703.0,14180.0,26.7,21.6,32.3,38.3,2.2,0.0,4.7436,1,1,18829.0,0
2024-06-30,20412,1,19975.0,14664.0,18360.0,23.5,22.0,24.9,32.2,3.7,0.0,3.56333,1,0,23572.0,0
2024-07-01,14432,0,20412.0,19975.0,19675.0,26.3,22.0,31.3,0.0,1.8,0.0,2.68764,0,1,14073.0,0
2024-07-02,10014,0,14432.0,20412.0,10086.0,23.2,21.9,25.2,65.1,2.8,0.0,1.73234,1,0,16894.0,0
2024-07-03,15363,0,10014.0,14432.0,9608.0,24.7,23.6,25.9,0.8,3.6,0.0,2.48169,1,0,15720.0,0
2024-07-04,13509,0,15363.0,10014.0,15246.0,26.8,23.2,30.6,3.6,3.0,0.0,2.48862,1,1,14703.0,0
2024-07-05,15749,0,13509.0,15363.0,13189.0,23.4,21.3,26.1,4.1,3.3,0.0,3.20336,1,0,14664.0,0
2024-07-06,17540,1,15749.0,13509.0,13279.0,25.1,22.1,30.0,2.8,3.2,0.0,4.89244,1,1,19975.0,0
2024-07-07,20359,1,17540.0,15749.0,23120.0,24.4,21.5,28.2,28.7,1.8,0.0,5.42547,1,0,20412.0,0
2024-07-08,8612,0,20359.0,17540.0,13810.0,23.8,23.1,24.5,21.1,1.8,0.0,2.00924,1,0,14432.0,0
2024-07-09,13700,0,8612.0,20359.0,11628.0,24.5,22.7,26.7,0.3,1.8,0.0,2.51631,1,0,10014.0,0
2024-07-10,14057,0,13700.0,8612.0,8829.0,26.6,22.7,31.1,1.4,2.2,0.0,2.96453,1,1,15363.0,0
2024-07-11,13790,0,14057.0,13700.0,14297.0,25.7,23.3,28.9,0.0,2.1,0.0,3.25009,0,0,13509.0,0
2024-07-12,14211,0,13790.0,14057.0,6560.0,25.6,21.8,30.2,0.0,1.6,0.0,4.28153,0,1,15749.0,0
2024-07-13,20375,1,14211.0,13790.0,5624.0,28.1,23.5,33.3,0.0,1.9,0.0,5.81312,0,1,17540.0,0
2024-07-14,19759,1,20375.0,14211.0,17079.0,28.4,24.9,32.1,0.4,2.4,0.0,4.65188,1,1,20359.0,0
2024-07-15,12201,0,19759.0,20375.0,21703.0,28.4,24.5,31.3,0.0,2.4,0.0,2.73436,0,1,8612.0,0
2024-07-16,10023,0,12201.0,19759.0,12880.0,27.0,24.6,30.7,17.0,2.3,0.0,2.12865,1,1,13700.0,0
2024-07-17,9630,0,10023.0,12201.0,13432.0,25.4,24.1,28.1,98.8,2.5,0.0,2.00751,1,0,14057.0,0
2024-07-18,7552,0,9630.0,10023.0,14327.0,24.3,23.1,25.6,128.8,2.2,0.0,1.93482,1,0,13790.0,0
2024-07-19,14166,0,7552.0,9630.0,12560.0,27.0,24.2,30.8,0.1,2.2,0.0,2.93165,1,1,14211.0,0
2024-07-20,15464,1,14166.0,7552.0,12159.0,27.2,25.1,30.6,14.9,2.7,0.0,3.8783,1,1,20375.0,0
2024-07-21,19385,1,15464.0,14166.0,16145.0,26.5,22.5,29.8,8.5,3.6,0.0,4.619,1,0,19759.0,0
2024-07-22,9688,0,19385.0,15464.0,13544.0,26.6,24.3,27.9,79.9,3.1,0.0,2.454,1,0,12201.0,0
2024-07-23,11980,0,9688.0,19385.0,13980.0,26.4,25.8,27.3,2.0,3.2,0.0,2.59418,1,0,10023.0,0
2024-07-24,11523,0,11980.0,9688.0,15292.0,28.1,26.0,30.9,14.7,2.6,0.0,2.91954,1,1,9630.0,0
2024-07-25,10963,0,11523.0,11980.0,13944.0,28.8,25.4,32.2,25.3,1.8,0.0,2.94031,1,1,7552.0,0
2024-07-26,10559,0,10963.0,11523.0,14744.0,28.7,25.2,32.7,5.5,2.3,0.0,3.12721,1,1,14166.0,0
2024-07-27,13997,1,10559.0,10963.0,11932.0,28.9,27.5,31.7,33.5,1.7,0.0,3.98733,1,1,15464.0,0
2024-07-28,16521,1,13997.0,10559.0,15743.0,29.2,27.3,32.2,0.0,3.2,0.0,4.93916,0,1,19385.0,0
2024-07-29,12098,0,16521.0,13997.0,15442.0,27.4,26.8,27.8,0.0,3.8,0.0,4.38537,0,0,9688.0,0
2024-07-30,14300,0,12098.0,16521.0,11108.0,28.6,26.3,31.9,0.0,2.8,0.0,4.40267,0,1,11980.0,0
2024-07-31,13004,0,14300.0,12098.0,14009.0,29.4,27.0,33.3,0.0,2.6,0.0,4.04444,0,1,11523.0,0
2024-08-01,12195,0,13004.0,14300.0,13239.0,29.9,27.3,33.2,0.3,2.6,0.0,4.38018,1,1,10963.0,0
2024-08-02,11366,0,12195.0,13004.0,13082.0,29.6,28.2,32.5,0.0,2.6,0.0,4.0254,0,1,10559.0,0
2024-08-03,12896,1,11366.0,12195.0,12533.0,30.2,27.2,34.2,0.0,2.2,0.0,3.95271,0,1,13997.0,0
2024-08-04,10925,1,12896.0,11366.0,25385.0,31.8,27.3,36.2,0.0,1.6,0.0,3.2847,0,1,16521.0,0
2024-08-05,7993,0,10925.0,12896.0,13433.0,30.0,26.9,33.7,1.3,1.9,0.0,2.57342,1,1,12098.0,0
2024-08-06,11558,0,7993.0,10925.0,9253.0,29.5,25.6,33.5,0.0,1.9,0.0,2.67033,0,1,14300.0,0
2024-08-07,10302,0,11558.0,7993.0,11557.0,29.6,27.2,33.4,3.4,1.7,0.0,2.59938,1,1,13004.0,0
2024-08-08,10257,0,10302.0,11558.0,12403.0,28.5,26.9,31.6,0.0,1.6,0.0,2.81743,0,1,12195.0,0
2024-08-09,10280,0,10257.0,10302.0,6364.0,29.3,25.6,33.6,0.0,1.6,0.0,3.02338,0,1,11366.0,0
2024-08-10,15536,1,10280.0,10257.0,10768.0,30.0,26.4,33.6,0.0,1.7,0.0,4.03578,0,1,12896.0,0
2024-08-11,13376,1,15536.0,10280.0,21434.0,30.8,27.8,34.4,0.0,1.8,0.0,3.76408,0,1,10925.0,0
2024-08-12,8947,0,13376.0,15536.0,24614.0,31.1,28.2,34.1,0.0,1.9,0.0,3.12375,0,1,7993.0,0
2024-08-13,9927,0,8947.0,13376.0,12465.0,31.3,28.1,36.4,0.0,1.8,0.0,2.72744,0,1,11558.0,0
2024-08-14,9724,0,9927.0,8947.0,22551.0,30.0,27.3,34.9,3.0,1.9,0.0,3.1999,1,1,10302.0,0
2024-08-15,14382,2,9724.0,9927.0,12982.0,29.2,26.7,34.6,6.4,1.8,0.0,4.1102,1,1,10257.0,0
2024-08-16,10811,0,14382.0,9724.0,13379.0,29.8,26.8,34.3,0.0,2.0,0.0,3.3695,0,1,10280.0,0
2024-08-17,14138,1,10811.0,14382.0,12218.0,29.8,27.2,34.0,11.0,1.7,0.0,4.28499,1,1,15536.0,0
2024-08-18,13171,1,14138.0,10811.0,18711.0,29.5,27.0,33.9,0.0,2.0,0.0,3.53045,0,1,13376.0,0
2024-08-19,9677,0,13171.0,14138.0,18201.0,29.7,26.3,35.3,2.3,1.9,0.0,2.3744,1,1,8947.0,0
2024-08-20,9889,0,9677.0,13171.0,10545.0,31.4,27.0,35.4,0.0,2.3,0.0,2.13211,0,1,9927.0,0
2024-08-21,7822,0,9889.0,9677.0,9638.0,28.4,26.9,30.8,42.2,3.2,0.0,1.91751,1,1,9724.0,0
2024-08-22,9608,0,7822.0,9889.0,9478.0,28.6,27.1,30.3,0.6,3.4,0.0,2.36228,1,1,14382.0,0
2024-08-23,10757,0,9608.0,7822.0,13806.0,28.4,26.4,31.8,0.0,2.7,0.0,3.46295,0,1,10811.0,0
2024-08-24,14179,1,10757.0,9608.0,11341.0,27.6,25.1,30.9,2.0,1.4,0.0,4.78687,1,1,14138.0,0
2024-08-25,17256,1,14179.0,10757.0,25587.0,28.5,24.9,32.7,0.0,1.4,0.0,4.64496,0,1,13171.0,0
2024-08-26,10687,0,17256.0,14179.0,24534.0,28.1,25.6,30.6,0.0,1.5,0.0,2.91262,0,1,9677.0,0
2024-08-27,14367,0,10687.0,17256.0,11244.0,26.5,24.6,30.3,0.3,1.9,0.0,3.06491,1,1,9889.0,0
2024-08-28,12830,0,14367.0,10687.0,10824.0,28.2,23.0,33.2,0.0,2.9,0.0,3.26566,0,1,7822.0,0
2024-08-29,13287,0,12830.0,14367.0,14160.0,28.4,23.4,33.5,0.0,3.1,0.0,3.37642,0,1,9608.0,0
2024-08-30,12521,0,13287.0,12830.0,16938.0,28.0,23.7,32.9,0.0,2.4,0.0,4.70034,0,1,10757.0,0
2024-08-31,22357,1,12521.0,13287.0,17790.0,27.6,22.6,33.0,0.0,1.9,0.0,7.33606,0,1,14179.0,0
2024-09-01,22161,1,22357.0,12521.0,37117.0,27.1,24.6,31.6,0.0,2.0,0.0,6.19386,0,1,17256.0,0
2024-09-02,13840,0,22161.0,22357.0,26383.0,24.5,22.2,26.9,2.7,2.6,0.0,3.7087,1,0,10687.0,0
2024-09-03,15340,0,13840.0,22161.0,14551.0,27.0,23.2,32.0,0.0,2.9,0.0,3.9406,0,1,14367.0,0
2024-09-04,14758,0,15340.0,13840.0,13691.0,27.9,23.2,33.3,0.0,2.2,0.0,3.9856,0,1,12830.0,0
2024-09-05,12334,0,14758.0,15340.0,16017.0,26.3,25.6,28.8,6.9,2.4,0.0,3.88176,1,0,13287.0,0
2024-09-06,15266,0,12334.0,14758.0,15622.0,24.0,23.3,25.7,0.7,2.6,0.0,5.32163,1,0,12521.0,0
2024-09-07,27036,1,15266.0,12334.0,17050.0,26.5,22.8,31.3,0.0,1.9,0.0,9.9441,0,1,22357.0,0
2024-09-08,25832,1,27036.0,15266.0,31807.0,27.2,22.6,32.8,0.0,1.6,0.0,8.44192,0,1,22161.0,0
2024-09-09,11651,0,25832.0,27036.0,31869.0,28.5,24.1,34.1,0.0,1.9,0.0,4.02713,0,1,13840.0,0
2024-09-10,11961,0,11651.0,25832.0,14773.0,29.4,25.6,33.9,0.0,1.8,0.0,3.72773,0,1,15340.0,0
2024-09-11,10633,0,11961.0,11651.0,16243.0,29.0,25.4,34.6,0.4,1.8,0.0,3.22932,1,1,14758.0,0
2024-09-12,10686,0,10633.0,11961.0,12487.0,25.4,24.8,27.1,32.7,2.1,0.0,3.06837,1,0,12334.0,0
2024-09-13,10549,0,10686.0,10633.0,17571.0,25.9,24.2,28.0,7.6,2.2,0.0,3.78485,1,0,15266.0,0
2024-09-14,17865,1,10549.0,10686.0,14388.0,28.0,25.2,32.2,0.0,1.7,0.0,8.27579,0,1,27036.0,1
2024-09-15,21111,1,17865.0,10549.0,22033.0,27.5,24.2,32.4,0.0,2.8,0.0,11.39435,0,1,25832.0,1
2024-09-16,21293,2,21111.0,17865.0,24843.0,26.8,21.3,32.2,9.5,2.8,0.0,12.1039,1,1,11651.0,1
2024-09-17,17388,2,21293.0,21111.0,14073.0,28.6,25.8,33.2,0.0,1.7,0.0,10.90286,0,1,11961.0,1
2024-09-18,17586,2,17388.0,21293.0,15350.0,29.4,26.5,33.6,0.7,1.6,0.0,6.94321,1,1,10633.0,1
2024-09-19,10911,0,17586.0,17388.0,10233.0,29.1,25.6,32.6,0.0,1.7,0.0,3.76235,0,1,10686.0,0
2024-09-20,8239,0,10911.0,17586.0,17349.0,25.0,17.9,28.6,54.5,2.4,0.0,3.66543,1,0,10549.0,0
2024-09-21,25117,1,8239.0,10911.0,20809.0,19.3,17.1,21.9,27.0,4.3,0.0,7.82756,1,0,17865.0,0
2024-09-22,40132,1,25117.0,8239.0,36139.0,21.0,16.9,26.7,0.0,2.7,0.0,12.77019,0,0,21111.0,0
2024-09-23,18289,0,40132.0,25117.0,37665.0,20.8,16.6,26.1,0.0,3.1,0.0,6.21463,0,0,21293.0,0
2024-09-24,19105,0,18289.0,40132.0,13574.0,21.0,15.6,26.9,0.0,2.2,0.0,6.3825,0,0,17388.0,0
2024-09-25,18770,0,19105.0,18289.0,11033.0,23.3,18.6,27.3,0.0,1.7,0.0,6.3773,0,0,17586.0,0
2024-09-26,17636,0,18770.0,19105.0,14551.0,23.6,21.1,28.0,1.2,1.6,0.0,6.86187,1,0,10911.0,0
2024-09-27,23894,0,17636.0,18770.0,25966.0,22.7,19.1,28.0,0.0,2.4,0.0,9.8766,0,0,8239.0,0
2024-09-28,41158,1,23894.0,17636.0,31733.0,23.2,19.2,27.9,0.0,3.4,0.0,14.93172,0,0,25117.0,0
2024-09-29,36325,1,41158.0,23894.0,25381.0,23.5,19.1,29.0,0.0,2.7,0.0,12.59366,0,0,40132.0,0
2024-09-30,17477,0,36325.0,41158.0,45302.0,23.0,18.3,28.5,0.0,2.1,0.0,17.49649,0,0,18289.0,0
2024-10-01,23637,2,17477.0,36325.0,41766.0,18.3,13.3,21.7,2.5,2.5,0.0,100.0,1,0,19105.0,0
2024-10-02,19333,0,23637.0,17477.0,36278.0,14.9,11.6,19.9,0.0,2.5,0.0,16.22103,0,0,18770.0,0
2024-10-03,43473,2,19333.0,23637.0,20838.0,16.4,10.8,22.5,0.0,1.9,0.0,19.07827,0,0,17636.0,0
2024-10-04,26802,0,43473.0,19333.0,18611.0,17.6,11.9,24.2,0.0,1.8,0.0,14.05084,0,0,23894.0,0
2024-10-05,43104,1,26802.0,43473.0,20223.0,17.5,11.6,24.4,0.0,1.6,0.0,16.25218,0,0,41158.0,0
2024-10-06,29632,1,43104.0,26802.0,32418.0,15.4,12.3,17.9,0.0,1.4,0.0,9.57201,0,0,36325.0,0
2024-10-07,16569,0,29632.0,43104.0,33532.0,16.9,14.0,20.7,0.0,1.3,0.0,7.68219,0,0,17477.0,0
2024-10-08,27067,0,16569.0,29632.0,32746.0,17.7,12.7,23.9,0.0,1.8,0.0,11.54837,0,0,23637.0,0
2024-10-09,44298,2,27067.0,16569.0,20128.0,18.8,13.9,24.4,0.0,2.3,0.0,14.83481,0,0,19333.0,0
2024-10-10,19741,0,44298.0,27067.0,20452.0,18.8,15.3,24.1,0.0,1.9,0.0,6.93283,0,0,43473.0,0
2024-10-11,23525,0,19741.0,44298.0,19301.0,18.6,13.9,24.4,0.0,1.8,0.0,9.12379,0,0,26802.0,0
2024-10-12,37414,1,23525.0,19741.0,19867.0,18.3,13.4,24.7,0.0,1.5,0.0,13.04362,0,0,43104.0,0
2024-10-13,35362,1,37414.0,23525.0,23102.0,18.3,12.6,22.6,0.0,2.0,0.0,10.91151,0,0,29632.0,0
2024-10-14,16880,0,35362.0,37414.0,37091.0,19.3,17.6,21.5,0.0,1.9,0.0,5.66948,0,0,16569.0,0
2024-10-15,16244,0,16880.0,35362.0,18372.0,19.2,17.6,21.9,0.5,1.8,0.0,4.74014,1,0,27067.0,0
2024-10-16,20542,0,16244.0,16880.0,20075.0,18.2,14.4,24.2,0.0,1.5,0.0,5.28875,0,0,44298.0,0
2024-10-17,22440,0,20542.0,16244.0,20832.0,19.0,13.8,25.7,0.0,1.7,0.0,5.99138,0,0,19741.0,0
2024-10-18,14663,0,22440.0,20542.0,17001.0,17.4,16.2,18.8,47.1,2.5,0.0,5.44796,1,0,23525.0,0
2024-10-19,30701,1,14663.0,22440.0,20565.0,16.6,12.4,21.1,1.0,3.3,0.0,9.77969,1,0,37414.0,0
2024-10-20,33481,1,30701.0,14663.0,33108.0,13.4,10.5,17.8,0.0,3.7,0.0,8.66171,0,0,35362.0,0
2024-10-21,16045,0,33481.0,30701.0,34191.0,14.8,9.7,19.3,0.0,2.3,0.0,4.19327,0,0,16880.0,0
2024-10-22,11250,0,16045.0,33481.0,18036.0,15.5,14.9,16.6,20.6,2.0,0.0,3.42488,1,0,16244.0,0
2024-10-23,19313,0,11250.0,16045.0,18248.0,12.7,9.4,15.5,2.3,3.7,0.0,4.03925,1,0,20542.0,0
2024-10-24,21106,0,19313.0,11250.0,20537.0,12.5,7.1,18.4,0.0,1.8,0.0,5.12088,0,0,22440.0,0
2024-10-25,25361,0,21106.0,19313.0,17119.0,14.9,8.7,21.5,0.0,1.7,0.0,7.15608,0,0,14663.0,0
2024-10-26,45563,1,25361.0,21106.0,22387.0,17.0,10.7,24.0,0.0,1.8,0.0,12.09352,0,0,30701.0,0
2024-10-27,32504,1,45563.0,25361.0,41933.0,16.0,14.0,18.8,0.0,1.6,0.0,7.27722,0,0,33481.0,0
2024-10-28,17660,0,32504.0,45563.0,41177.0,15.7,12.3,20.4,0.0,2.1,0.0,4.50478,0,0,16045.0,0
2024-10-29,18640,0,17660.0,32504.0,20305.0,15.0,13.4,18.3,0.0,2.3,0.0,4.08078,0,0,11250.0,0
2024-10-30,22908,0,18640.0,17660.0,21352.0,15.7,11.4,21.4,0.0,1.6,0.0,5.3199,0,0,19313.0,0
2024-10-31,24524,0,22908.0,18640.0,17901.0,15.9,11.0,22.6,0.0,1.4,0.0,6.60055,0,0,21106.0,0
2024-11-01,26740,0,24524.0,22908.0,22769.0,15.3,12.9,18.7,0.0,1.4,0.0,8.46615,0,0,25361.0,0
2024-11-02,58331,1,26740.0,24524.0,16620.0,18.1,13.0,25.1,0.0,1.9,0.0,14.2689,0,0,45563.0,0
2024-11-03,46390,1,58331.0,26740.0,34282.0,17.6,13.0,23.5,0.0,2.4,0.0,11.77682,0,0,32504.0,0
2024-11-04,19452,0,46390.0,58331.0,18588.0,14.8,8.9,18.3,0.1,2.9,0.0,5.11742,1,0,17660.0,0
2024-11-05,18887,0,19452.0,46390.0,8524.0,9.1,5.6,14.7,0.0,2.1,0.0,4.28845,0,0,18640.0,0
2024-11-06,18926,0,18887.0,19452.0,14227.0,7.5,4.1,12.5,0.0,2.5,0.0,3.80388,0,0,22908.0,0
2024-11-07,18641,0,18926.0,18887.0,17213.0,7.8,1.6,15.7,0.0,1.5,0.0,4.12924,0,0,24524.0,0
2024-11-08,20335,0,18641.0,18926.0,15143.0,10.2,3.1,18.1,0.0,1.5,0.0,6.20943,0,0,26740.0,0
2024-11-09,40229,1,20335.0,18641.0,13389.0,12.9,6.8,20.3,0.0,1.4,0.0,10.99285,0,0,58331.0,0
2024-11-10,43998,1,40229.0,20335.0,20663.0,14.4,10.3,21.0,0.0,1.8,0.0,9.55817,0,0,46390.0,0
2024-11-11,20593,0,43998.0,40229.0,20792.0,14.6,9.7,21.8,0.0,1.2,0.0,4.80764,0,0,19452.0,0
2024-11-12,22279,0,20593.0,43998.0,16052.0,14.3,11.0,19.2,0.0,2.2,0.0,4.35768,0,0,18887.0,0
2024-11-13,22095,0,22279.0,20593.0,9630.0,14.2,8.3,21.3,0.0,1.7,0.0,4.83014,0,0,18926.0,0
2024-11-14,18027,0,22095.0,22279.0,15425.0,14.8,13.2,16.8,0.1,1.8,0.0,4.0254,1,0,18641.0,0
2024-11-15,22948,0,18027.0,22095.0,11990.0,17.0,13.7,21.5,0.0,1.8,0.0,6.34788,0,0,20335.0,0
2024-11-16,32444,1,22948.0,18027.0,14903.0,17.0,14.4,22.6,6.5,2.6,0.0,9.37126,1,0,40229.0,0
2024-11-17,27446,1,32444.0,22948.0,20093.0,7.0,2.1,14.4,0.0,3.6,0.0,5.99311,0,0,43998.0,0
2024-11-18,13633,0,27446.0,32444.0,26534.0,2.8,-0.7,7.9,0.0,2.3,0.0,3.0701,0,0,20593.0,0
2024-11-19,17154,0,13633.0,27446.0,20748.0,5.7,0.3,11.3,0.0,2.0,0.0,2.82436,0,0,22279.0,0
2024-11-20,15622,0,17154.0,13633.0,17275.0,6.5,2.4,9.6,0.0,1.3,0.0,2.61322,0,0,22095.0,0
2024-11-21,16391,0,15622.0,17154.0,15468.0,9.7,6.0,14.1,0.0,2.2,0.0,2.94377,0,0,18027.0,0
2024-11-22,17250,0,16391.0,15622.0,15501.0,6.2,3.3,10.6,0.0,2.2,0.0,4.02367,0,0,22948.0,0
2024-11-23,28882,1,17250.0,16391.0,13292.0,6.4,1.5,12.6,0.0,1.7,0.0,6.15925,0,0,32444.0,0
2024-11-24,33892,1,28882.0,17250.0,19391.0,7.4,2.6,14.2,0.0,1.6,0.0,5.46008,0,0,27446.0,0
2024-11-25,16894,0,33892.0,28882.0,24836.0,10.1,3.6,15.4,0.0,2.5,0.0,2.40209,0,0,13633.0,0
2024-11-26,8695,0,16894.0,33892.0,14880.0,5.8,1.0,12.7,26.0,3.4,0.9,1.78772,1,0,17154.0,0
2024-11-27,10782,0,8695.0,16894.0,18077.0,-0.4,-1.3,1.2,22.4,1.4,19.3,1.64235,1,0,15622.0,0
2024-11-28,11263,0,10782.0,8695.0,11306.0,0.8,-1.7,3.4,4.9,1.8,8.5,1.86733,1,0,16391.0,0
2024-11-29,12130,0,11263.0,10782.0,9167.0,0.2,-3.4,3.4,0.0,1.5,0.0,2.12173,0,0,17250.0,0
2024-11-30,17427,1,12130.0,11263.0,10127.0,2.5,-0.5,5.6,0.0,1.8,0.0,3.38853,0,0,28882.0,0
2024-12-01,20365,1,17427.0,12130.0,15835.0,5.2,1.6,8.2,0.5,2.4,0.0,3.27085,1,0,33892.0,0
2024-12-02,13893,0,20365.0,17427.0,18285.0,6.4,0.6,13.0,0.0,2.2,0.0,1.95559,0,0,16894.0,0
2024-12-03,13026,0,13893.0,20365.0,12184.0,1.3,-2.4,5.2,0.0,2.4,0.0,1.84137,0,0,8695.0,0
2024-12-04,12604,0,13026.0,13893.0,13732.0,3.1,-0.6,6.9,0.0,2.1,0.0,1.50217,0,0,10782.0,0
2024-12-05,12121,0,12604.0,13026.0,11378.0,3.9,-0.1,8.8,1.8,2.3,0.0,1.74099,1,0,11263.0,0
2024-12-06,12348,0,12121.0,12604.0,14258.0,2.1,-0.4,5.2,0.0,2.5,0.0,2.16326,0,0,12130.0,0
2024-12-07,16099,1,12348.0,12121.0,15982.0,0.2,-2.5,4.6,0.0,2.5,0.0,2.61149,0,0,17427.0,0
2024-12-08,16981,1,16099.0,12348.0,22131.0,-0.2,-3.9,4.1,0.0,2.2,0.0,2.66514,0,0,20365.0,0
2024-12-09,12845,0,16981.0,16099.0,24805.0,1.0,-3.8,7.4,0.0,1.6,0.0,3.46468,0,0,13893.0,0
2024-12-10,13745,0,12845.0,16981.0,11227.0,2.6,-1.9,6.9,0.0,1.9,0.0,1.78426,0,0,13026.0,0
2024-12-11,13919,0,13745.0,12845.0,12456.0,3.0,0.2,8.2,0.0,1.6,0.0,1.78253,0,0,12604.0,0
2024-12-12,13232,0,13919.0,13745.0,13203.0,0.5,-3.2,5.4,0.0,2.1,0.0,1.80849,0,0,12121.0,0
2024-12-13,12137,0,13232.0,13919.0,7980.0,1.0,-1.5,4.5,0.0,2.2,0.0,2.21172,0,0,12348.0,0
2024-12-14,15923,1,12137.0,13232.0,8182.0,-0.8,-3.6,2.5,0.0,2.2,0.0,2.44362,0,0,16099.0,0
2024-12-15,17366,1,15923.0,12137.0,10482.0,1.2,-2.2,5.4,0.0,2.4,0.0,2.5388,0,0,16981.0,0
2024-12-16,9651,0,17366.0,15923.0,7596.0,-0.2,-3.3,3.9,0.0,1.2,0.0,1.69773,0,0,12845.0,0
2024-12-17,11376,0,9651.0,17366.0,7198.0,-0.8,-3.5,3.8,0.0,2.2,0.0,1.57831,0,0,13745.0,0
2024-12-18,9857,0,11376.0,9651.0,9475.0,-3.4,-6.2,0.9,0.0,2.2,0.0,1.53505,0,0,13919.0,0
2024-12-19,14769,0,9857.0,11376.0,8563.0,-1.4,-6.7,4.9,0.0,1.5,0.0,1.55235,0,0,13232.0,0
2024-12-20,11876,0,14769.0,9857.0,7252.0,1.4,-2.1,5.3,0.4,2.0,0.5,2.07846,1,0,12137.0,0
2024-12-21,12720,1,11876.0,14769.0,6685.0,-0.7,-4.7,1.9,2.9,2.8,2.4,2.44881,1,0,15923.0,0
2024-12-22,14314,1,12720.0,11876.0,7953.0,-3.4,-7.7,1.0,0.0,2.1,0.0,2.51284,0,0,17366.0,0
2024-12-23,10030,0,14314.0,12720.0,14306.0,0.3,-5.0,6.7,0.0,2.2,0.0,1.99539,0,0,9651.0,0
2024-12-24,11685,0,10030.0,14314.0,11119.0,-0.4,-4.3,5.1,0.0,1.4,0.0,3.04933,0,0,11376.0,0
2024-12-25,20431,2,11685.0,10030.0,11962.0,2.7,-1.1,6.5,0.1,2.0,0.0,4.29018,1,0,9857.0,0
2024-12-26,11175,0,20431.0,11685.0,11982.0,0.1,-4.8,4.2,0.0,3.4,0.0,2.08365,0,0,14769.0,0
2024-12-27,10189,0,11175.0,20431.0,12767.0,-2.6,-5.9,1.8,0.0,2.7,0.0,2.16326,0,0,11876.0,0
2024-12-28,13477,1,10189.0,11175.0,13114.0,-3.0,-6.7,1.1,0.0,2.5,0.0,2.65302,0,0,12720.0,0
2024-12-29,16894,1,13477.0,10189.0,10319.0,1.1,-4.2,6.1,0.0,1.5,0.0,2.84512,0,0,14314.0,0
2024-12-30,12212,0,16894.0,13477.0,12424.0,5.5,1.9,10.1,0.0,2.3,0.0,2.63572,0,0,10030.0,0
2024-12-31,13348,0,12212.0,16894.0,15824.0,0.6,-2.0,4.9,0.0,2.6,0.0,2.66514,0,0,11685.0,0
2025-01-01,18763,2,13348.0,12212.0,12794.0,2.6,-2.5,8.9,0.0,2.2,0.0,4.11885,0,0,20431.0,0
2025-01-02,14274,0,18763.0,13348.0,10418.0,0.5,-2.9,6.0,0.0,2.1,0.0,2.24806,0,0,11175.0,0
2025-01-03,13178,0,14274.0,18763.0,10639.0,-1.1,-5.1,3.2,0.0,2.2,0.0,2.33978,0,0,10189.0,0
2025-01-04,20570,1,13178.0,14274.0,11838.0,-0.1,-5.4,5.7,0.0,1.7,0.0,3.35392,0,0,13477.0,0
2025-01-05,13030,1,20570.0,13178.0,19120.0,1.2,-0.7,2.5,6.7,2.5,6.4,1.90713,1,0,16894.0,0
2025-01-06,9328,0,13030.0,20570.0,13378.0,1.0,-3.0,3.4,3.0,2.8,0.0,1.81022,1,0,12212.0,0
2025-01-07,10002,0,9328.0,13030.0,6115.0,-2.6,-5.7,1.5,0.1,2.7,0.4,1.64235,1,0,13348.0,0
2025-01-08,9479,0,10002.0,9328.0,6988.0,-3.4,-6.1,0.2,0.0,2.7,0.0,1.36199,0,0,18763.0,0
2025-01-09,5394,0,9479.0,10002.0,10652.0,-9.7,-11.6,-6.1,0.0,4.2,0.0,1.25988,0,0,14274.0,0
2025-01-10,7470,0,5394.0,9479.0,10197.0,-7.3,-12.2,-1.7,0.0,1.6,0.0,1.65273,0,0,13178.0,0
2025-01-11,14353,1,7470.0,5394.0,11229.0,-5.1,-9.5,0.4,0.0,1.7,0.0,2.53015,0,0,20570.0,0
2025-01-12,17237,1,14353.0,7470.0,17631.0,-3.4,-8.2,2.5,0.0,1.8,0.0,2.70321,0,0,13030.0,0
2025-01-13,8435,0,17237.0,14353.0,11468.0,-0.4,-5.6,4.1,1.3,1.7,0.1,2.06289,1,0,9328.0,0
2025-01-14,11293,0,8435.0,17237.0,8664.0,2.3,-1.7,5.2,0.1,2.3,0.0,1.92963,1,0,10002.0,0
2025-01-15,9471,0,11293.0,8435.0,11002.0,-3.5,-5.3,-0.5,0.0,2.9,0.0,1.80329,0,0,9479.0,0
2025-01-16,10317,0,9471.0,11293.0,7357.0,-0.5,-4.9,2.8,0.0,2.0,0.0,1.73061,0,0,5394.0,0
2025-01-17,12008,0,10317.0,9471.0,11473.0,-0.5,-4.9,5.6,0.0,1.8,0.0,2.63745,0,0,7470.0,0
2025-01-18,19834,1,12008.0,10317.0,10945.0,1.0,-4.0,7.5,0.0,1.6,0.0,3.99944,0,0,14353.0,0
2025-01-19,21470,1,19834.0,12008.0,12706.0,3.8,-1.2,9.0,0.0,1.8,0.0,4.02713,0,0,17237.0,0
2025-01-20,10822,0,21470.0,19834.0,14268.0,3.9,0.9,7.5,0.0,1.7,0.0,2.34324,0,0,8435.0,0
2025-01-21,11188,0,10822.0,21470.0,4678.0,2.4,-1.0,6.3,0.0,1.6,0.0,2.17884,0,0,11293.0,0
2025-01-22,11208,0,11188.0,10822.0,5030.0,3.6,0.5,7.7,0.0,1.9,0.0,2.33286,0,0,9471.0,0
2025-01-23,12061,0,11208.0,11188.0,6319.0,2.0,-2.4,7.7,0.0,1.6,0.0,2.31555,0,0,10317.0,0
2025-01-24,12994,0,12061.0,11208.0,8084.0,3.1,-2.7,10.6,0.0,1.5,0.0,2.95761,0,0,12008.0,0
2025-01-25,21928,1,12994.0,12061.0,10011.0,5.2,1.2,11.4,0.0,3.1,0.0,5.10011,0,0,19834.0,0
2025-01-26,21840,1,21928.0,12994.0,16443.0,4.6,1.8,7.5,0.0,2.8,0.0,5.43412,0,0,21470.0,0
2025-01-27,6700,2,21840.0,21928.0,17980.0,0.2,-2.7,5.1,5.6,3.5,2.6,2.69456,1,0,10822.0,0
2025-01-28,6025,2,6700.0,21840.0,9975.0,-3.9,-5.3,-2.5,0.1,4.0,0.4,2.48862,1,0,11188.0,0
2025-01-29,8740,2,6025.0,6700.0,11196.0,-4.6,-6.4,-1.3,0.2,3.1,1.0,3.44911,1,0,11208.0,0
2025-01-30,11444,2,8740.0,6025.0,11831.0,-3.8,-7.5,-1.0,0.0,1.6,0.0,3.18605,0,0,12061.0,0
2025-01-31,9220,0,11444.0,8740.0,10890.0,-0.8,-2.6,0.7,2.4,2.1,2.9,2.46612,1,0,12994.0,0
